City_ID,City,Country,Date,Lat,Lng,Max Temp,Humidity,Cloudiness,Wind Speed
0,Hovd,MN,2022-02-05 03:22:18,48.0056,91.6419,-7.53,80,6,1.25
1,Adrar,MR,2022-02-05 03:22:19,20.5022,-10.0711,62.76,12,0,9.73
2,Atikokan,CA,2022-02-05 03:22:19,48.7555,-91.6216,-18.36,100,54,1.99
3,Khatanga,RU,2022-02-05 03:22:20,71.9667,102.5,-35.79,100,87,2.53
4,Rikitea,PF,2022-02-05 03:22:20,-23.1203,-134.9692,79.07,68,4,8.14
5,Kapaa,US,2022-02-05 03:22:21,22.0752,-159.319,79.12,70,40,1.99
6,Longyearbyen,SJ,2022-02-05 03:22:21,78.2186,15.6401,13.84,57,20,26.46
7,Ushuaia,AR,2022-02-05 03:22:21,-54.8,-68.3,46.06,81,0,11.5
8,Sola,VU,2022-02-05 03:17:28,-13.8833,167.55,82.54,77,100,21.34
9,Pacific Grove,US,2022-02-05 03:19:27,36.6177,-121.9166,56.88,64,0,4.0
10,Tuktoyaktuk,CA,2022-02-05 03:22:22,69.4541,-133.0374,-23.8,76,0,17.27
11,Barrow,US,2022-02-05 03:22:23,71.2906,-156.7887,-18.38,76,100,4.61
12,Jamestown,US,2022-02-05 03:22:23,42.097,-79.2353,17.71,54,100,6.91
13,Huaidian,CN,2022-02-05 03:22:24,33.4333,115.0333,41.18,35,12,9.1
14,Sao Felix Do Xingu,BR,2022-02-05 03:22:25,-6.6447,-51.995,71.83,94,67,0.65
15,Conde,BR,2022-02-05 03:22:25,-7.2597,-34.9075,78.26,83,40,3.44
16,Busselton,AU,2022-02-05 03:19:49,-33.65,115.3333,103.05,29,10,8.88
17,Eyl,SO,2022-02-05 03:22:26,7.9803,49.8164,68.34,76,24,9.66
18,Hermanus,ZA,2022-02-05 03:22:26,-34.4187,19.2345,64.8,72,1,18.14
19,Coahuayana,MX,2022-02-05 03:22:27,18.7333,-103.6833,68.18,79,3,3.0
20,Lianran,CN,2022-02-05 03:22:27,24.9227,102.485,50.54,53,1,8.81
21,Shirgaon,IN,2022-02-05 03:22:28,19.7,72.7,68.02,45,80,4.25
22,Norman Wells,CA,2022-02-05 03:22:28,65.282,-126.8329,-7.56,64,40,25.32
23,Punta Arenas,CL,2022-02-05 03:18:09,-53.15,-70.9167,46.11,81,0,4.61
24,Madimba,TZ,2022-02-05 03:22:29,-10.4,40.3333,75.88,88,100,7.16
25,Svetlogorsk,BY,2022-02-05 03:22:29,52.6333,29.7333,12.99,95,97,9.78
26,Chibombo,ZM,2022-02-05 03:22:30,-14.6569,28.0706,63.46,99,100,2.48
27,Bluff,NZ,2022-02-05 03:22:30,-46.6,168.3333,59.81,57,53,5.08
28,Karangasem,ID,2022-02-05 03:22:31,-8.45,115.6167,85.14,63,49,1.77
29,Guerrero Negro,MX,2022-02-05 03:22:31,27.9769,-114.0611,60.53,35,0,1.88
30,Atuona,PF,2022-02-05 03:22:32,-9.8,-139.0333,78.51,77,22,15.9
31,Butaritari,KI,2022-02-05 03:22:32,3.0707,172.7902,82.63,77,36,17.76
32,Cape Town,ZA,2022-02-05 03:20:01,-33.9258,18.4232,65.88,68,0,3.0
33,Kilindoni,TZ,2022-02-05 03:22:33,-7.9139,39.6668,74.64,91,100,16.6
34,Nanortalik,GL,2022-02-05 03:22:33,60.1432,-45.2371,11.88,61,82,38.97
35,Saint George,US,2022-02-05 03:22:03,37.1041,-113.5841,44.35,32,0,1.99
36,Nikolskoye,RU,2022-02-05 03:22:36,59.7035,30.7861,18.39,88,100,12.44
37,Souillac,MU,2022-02-05 03:22:38,-20.5167,57.5167,80.37,89,75,17.27
38,Labuhan,ID,2022-02-05 03:22:41,-6.8844,112.2051,84.27,71,32,8.48
39,Igarka,RU,2022-02-05 03:22:45,67.4667,86.5833,6.49,96,100,9.24
40,Vaini,TO,2022-02-05 03:22:46,-21.2,-175.2,77.16,94,100,17.27
41,Esperance,AU,2022-02-05 03:22:48,-33.8667,121.9,82.09,46,4,9.08
42,Mandan,US,2022-02-05 03:22:29,46.8267,-100.8896,14.04,68,100,19.57
43,Genhe,CN,2022-02-05 03:22:51,50.7833,121.5167,5.43,74,100,8.55
44,Hobart,AU,2022-02-05 03:21:00,-42.8794,147.3294,70.23,60,75,9.22
45,Kacuni,BA,2022-02-05 03:22:54,44.065,17.9386,32.77,92,57,4.27
46,Havre-Saint-Pierre,CA,2022-02-05 03:23:54,50.2334,-63.5986,3.79,65,100,11.5
47,Dikson,RU,2022-02-05 03:23:55,73.5069,80.5464,-1.71,92,100,4.99
48,Port Elizabeth,ZA,2022-02-05 03:23:55,-33.918,25.5701,67.1,88,75,2.3
49,Cidreira,BR,2022-02-05 03:23:56,-30.1811,-50.2056,72.55,92,13,4.32
50,Husavik,IS,2022-02-05 03:23:56,66.0449,-17.3389,12.11,92,100,7.87
51,Airai,TL,2022-02-05 03:23:57,-8.9266,125.4092,71.83,71,97,2.68
52,Goderich,CA,2022-02-05 03:21:01,43.7501,-81.7165,11.91,78,100,5.75
53,Saint-Philippe,RE,2022-02-05 03:23:58,-21.3585,55.7679,81.99,89,100,25.17
54,Portao,BR,2022-02-05 03:23:58,-29.7017,-51.2419,77.85,85,53,3.13
55,Cartagena Del Chaira,CO,2022-02-05 03:23:58,1.3349,-74.8429,75.69,83,99,1.41
56,East London,ZA,2022-02-05 03:23:59,-33.0153,27.9116,65.34,94,40,3.44
57,Fortuna,US,2022-02-05 03:20:48,40.5982,-124.1573,47.19,93,100,1.99
58,Kodiak,US,2022-02-05 03:24:00,57.79,-152.4072,36.91,87,100,0.0
59,Pareora,NZ,2022-02-05 03:24:00,-44.4871,171.2132,56.17,73,100,6.64
60,Faanui,PF,2022-02-05 03:24:01,-16.4833,-151.75,80.64,75,58,13.31
61,Touros,BR,2022-02-05 03:24:01,-5.1989,-35.4608,81.5,74,4,12.91
62,Griffith,US,2022-02-05 03:20:17,41.5284,-87.4237,18.21,79,100,4.0
63,Dingle,PH,2022-02-05 03:24:02,10.9995,122.6711,80.78,73,89,18.68
64,El Alto,PE,2022-02-05 03:24:02,-4.2714,-81.2147,70.32,78,39,16.35
65,Mar Del Plata,AR,2022-02-05 03:24:03,-38.0023,-57.5575,68.09,85,100,1.99
66,Kota Tinggi,MY,2022-02-05 03:24:03,1.7381,103.8999,86.9,62,91,10.13
67,Port Alfred,ZA,2022-02-05 03:24:04,-33.5906,26.891,69.1,82,94,9.89
68,Sao Filipe,CV,2022-02-05 03:24:04,14.8961,-24.4956,73.08,71,0,10.6
69,Lebu,CL,2022-02-05 03:21:10,-37.6167,-73.65,57.76,85,78,17.02
70,Hailar,CN,2022-02-05 03:24:05,49.2,119.7,3.72,84,100,9.48
71,Dusetos,LT,2022-02-05 03:24:06,55.75,25.85,29.84,93,100,11.92
72,Kirakira,SB,2022-02-05 03:19:40,-10.4544,161.9205,84.22,75,100,6.67
73,Hadishahr,AZ,2022-02-05 03:24:06,38.8431,45.6635,34.29,96,99,1.77
74,Ilulissat,GL,2022-02-05 03:24:07,69.2167,-51.1,10.42,56,40,11.5
75,Olafsvik,IS,2022-02-05 03:20:20,64.8945,-23.7142,27.23,65,100,22.55
76,Bonthe,SL,2022-02-05 03:24:08,7.5264,-12.505,74.82,85,10,1.16
77,Alugan,PH,2022-02-05 03:24:08,12.2188,125.4808,80.55,79,100,17.74
78,Calama,CL,2022-02-05 03:24:08,-22.4667,-68.9333,55.89,15,0,3.44
79,Camacupa,AO,2022-02-05 03:24:09,-12.0167,17.4833,60.33,95,100,0.29
80,Alice Springs,AU,2022-02-05 03:19:41,-23.7,133.8833,78.35,31,0,11.5
81,Yuryevets,RU,2022-02-05 03:24:10,57.3201,43.1041,5.02,95,66,10.58
82,Bredasdorp,ZA,2022-02-05 03:21:14,-34.5322,20.0403,64.27,74,45,12.28
83,Wilson,US,2022-02-05 03:20:04,36.1501,-86.2833,29.43,87,100,6.91
84,Mogadishu,SO,2022-02-05 03:24:11,2.0371,45.3438,75.07,83,20,11.5
85,Leningradskiy,RU,2022-02-05 03:24:11,69.3833,178.4167,-17.7,93,52,7.67
86,Dinguiraye,GN,2022-02-05 03:24:12,11.3,-10.7167,68.09,18,0,1.79
87,Palana,RU,2022-02-05 03:24:12,59.1167,159.9667,15.82,72,99,11.81
88,Taoudenni,ML,2022-02-05 03:24:13,22.6783,-3.9836,63.3,15,24,9.44
89,Ancud,CL,2022-02-05 03:24:13,-41.8697,-73.8203,53.42,91,10,3.13
90,Avarua,CK,2022-02-05 03:24:14,-21.2078,-159.775,82.45,74,20,13.8
91,Chumikan,RU,2022-02-05 03:24:14,54.7183,135.315,2.16,72,100,14.99
92,Tuatapere,NZ,2022-02-05 03:25:15,-46.1333,167.6833,59.83,53,24,8.99
93,Luderitz,NA,2022-02-05 03:25:15,-26.6481,15.1594,68.63,71,90,4.41
94,Boende,CD,2022-02-05 03:25:16,-0.2167,20.8667,69.8,79,100,2.01
95,Helong,CN,2022-02-05 03:25:16,42.5397,128.9972,10.09,57,80,12.91
96,Lompoc,US,2022-02-05 03:25:17,34.6391,-120.4579,57.13,74,0,0.0
97,Orlik,RU,2022-02-05 03:21:40,52.5178,99.825,-9.18,89,73,2.3
98,Hilo,US,2022-02-05 03:24:56,19.7297,-155.09,78.53,80,40,9.22
99,Tarpon Springs,US,2022-02-05 03:25:18,28.1461,-82.7568,71.78,89,0,1.01
100,Kaitangata,NZ,2022-02-05 03:25:18,-46.2817,169.8464,57.29,54,15,8.5
101,Ludwigsfelde,DE,2022-02-05 03:25:19,52.3,13.2667,40.01,83,40,3.0
102,Quepos,CR,2022-02-05 03:25:20,9.4236,-84.1652,79.9,81,57,2.15
103,Nelson Bay,AU,2022-02-05 03:25:20,-32.7167,152.15,78.3,60,37,4.0
104,Saskylakh,RU,2022-02-05 03:25:20,71.9167,114.0833,-9.9,99,99,5.48
105,Mahebourg,MU,2022-02-05 03:25:21,-20.4081,57.7,80.26,89,75,17.27
106,Castro,BR,2022-02-05 03:25:21,-24.7911,-50.0119,64.38,98,64,4.25
107,Salaga,GH,2022-02-05 03:25:22,8.5508,-0.5188,75.99,15,1,4.27
108,Sao Joao Da Barra,BR,2022-02-05 03:25:22,-21.6403,-41.0511,76.01,85,99,20.96
109,Shache,CN,2022-02-05 03:25:23,38.4167,77.2406,25.92,42,99,3.09
110,Yarada,IN,2022-02-05 03:25:23,17.65,83.2667,75.52,83,20,8.05
111,Umm Lajj,SA,2022-02-05 03:25:24,25.0213,37.2685,60.4,50,15,6.69
112,Albany,US,2022-02-05 03:22:06,42.6001,-73.9662,17.47,84,100,4.59
113,Iberia,US,2022-02-05 03:25:25,29.9502,-91.7507,37.47,70,100,14.97
114,Hamilton,US,2022-02-05 03:25:25,39.1834,-84.5333,18.45,80,40,4.61
115,Fort Morgan,US,2022-02-05 03:25:26,40.2503,-103.8,27.82,73,0,11.5
116,Yellowknife,CA,2022-02-05 03:21:02,62.456,-114.3525,-26.45,76,100,8.05
117,Yar-Sale,RU,2022-02-05 03:23:41,66.8333,70.8333,-1.53,100,90,5.66
118,Porto Belo,BR,2022-02-05 03:25:27,-27.1578,-48.5531,78.78,91,98,7.0
119,Ahipara,NZ,2022-02-05 03:22:44,-35.1667,173.1667,71.1,96,91,14.23
120,Vostok,RU,2022-02-05 03:21:12,46.4856,135.8833,-0.06,85,100,5.57
121,San Cristobal,VE,2022-02-05 03:25:28,7.7669,-72.225,71.78,91,51,2.3
122,Puerto Suarez,BO,2022-02-05 03:25:28,-18.95,-57.8,78.37,76,4,4.07
123,Mana,GF,2022-02-05 03:25:29,5.6592,-53.7767,76.48,87,100,7.87
124,Kanniyakumari,IN,2022-02-05 03:25:29,8.0833,77.5667,78.57,77,22,2.66
125,Liptovsky Hradok,SK,2022-02-05 03:25:30,49.0396,19.7234,38.03,99,100,4.0
126,Hithadhoo,MV,2022-02-05 03:24:41,-0.6,73.0833,81.79,73,99,11.63
127,Havelock,US,2022-02-05 03:25:31,34.8791,-76.9013,66.16,93,100,4.0
128,Grindavik,IS,2022-02-05 03:25:31,63.8424,-22.4338,28.35,63,100,23.02
129,Omboue,GA,2022-02-05 03:25:31,-1.5746,9.2618,76.53,85,92,5.48
130,Zhigansk,RU,2022-02-05 03:25:32,66.7697,123.3711,-27.02,98,99,4.99
131,Saint-Joseph,RE,2022-02-05 03:25:33,-21.3667,55.6167,80.98,84,100,21.59
132,Tabas,IR,2022-02-05 03:25:33,33.5959,56.9244,54.27,50,77,7.65
133,San Carlos,VE,2022-02-05 03:25:34,9.6612,-68.5827,74.1,71,29,4.38
134,Arraial Do Cabo,BR,2022-02-05 03:25:35,-22.9661,-42.0278,75.81,87,100,22.39
135,Constitucion,CL,2022-02-05 03:25:24,-35.3333,-72.4167,58.15,88,2,11.81
136,Riverton,US,2022-02-05 03:25:35,40.5219,-111.9391,30.83,68,0,1.99
137,Maniitsoq,GL,2022-02-05 03:26:36,65.4167,-52.9,7.75,86,100,13.87
138,Ponta Do Sol,PT,2022-02-05 03:25:28,32.6667,-17.1,65.71,67,89,4.05
139,Qaanaaq,GL,2022-02-05 03:24:52,77.484,-69.3632,1.63,70,100,6.31
140,Kahului,US,2022-02-05 03:23:55,20.8947,-156.47,79.86,79,40,12.66
141,Kurilsk,RU,2022-02-05 03:26:37,45.2333,147.8833,24.31,74,100,13.62
142,Ahuimanu,US,2022-02-05 03:26:38,21.4447,-157.8378,80.31,66,100,1.99
143,Jucas,BR,2022-02-05 03:26:38,-6.5253,-39.5275,76.21,65,80,2.01
144,Gamboma,CG,2022-02-05 03:26:39,-1.8764,15.8644,73.74,79,100,0.34
145,Onega,RU,2022-02-05 03:26:40,63.9061,38.1404,3.96,94,100,10.38
146,Comodoro Rivadavia,AR,2022-02-05 03:26:40,-45.8667,-67.5,49.86,87,0,5.75
147,San Gavino Monreale,IT,2022-02-05 03:26:41,39.5514,8.7917,51.44,94,91,6.15
148,Serebryanyy Bor,RU,2022-02-05 03:26:41,56.8,124.8,-2.13,91,100,9.42
149,Staritsa,RU,2022-02-05 03:26:42,56.5075,34.9354,4.87,100,100,3.87
150,Fort Nelson,CA,2022-02-05 03:26:42,58.8053,-122.7002,-9.81,70,100,3.44
151,Adre,TD,2022-02-05 03:26:43,13.4667,22.2,57.63,25,36,20.27
152,Geraldton,AU,2022-02-05 03:26:43,-28.7667,114.6,108.01,8,0,12.66
153,Tefe,BR,2022-02-05 03:26:44,-3.3542,-64.7114,72.48,99,100,2.77
154,Gigmoto,PH,2022-02-05 03:26:44,13.7796,124.39,77.76,85,100,16.93
155,Mataura,NZ,2022-02-05 03:26:44,-46.1927,168.8643,59.49,37,7,4.9
156,Fairbanks,US,2022-02-05 03:26:45,64.8378,-147.7164,7.09,67,100,0.0
157,Provideniya,RU,2022-02-05 03:26:45,64.3833,-173.3,0.07,68,1,10.18
158,Nizwa,OM,2022-02-05 03:26:46,22.9333,57.5333,62.01,39,5,1.54
159,Paracuru,BR,2022-02-05 03:26:46,-3.41,-39.0306,82.42,81,88,9.26
160,Sena Madureira,BR,2022-02-05 03:26:47,-9.0656,-68.6569,71.98,99,54,2.37
161,Richards Bay,ZA,2022-02-05 03:26:47,-28.783,32.0377,71.51,93,100,15.86
162,Lira,UG,2022-02-05 03:26:48,2.235,32.9097,68.99,52,99,3.51
163,Gallup,US,2022-02-05 03:26:48,35.5281,-108.7426,21.96,55,0,1.01
164,Zhuanghe,CN,2022-02-05 03:26:49,39.7008,122.9911,21.69,34,0,14.79
165,Ulfborg,DK,2022-02-05 03:26:49,56.2673,8.3217,38.89,80,80,22.7
166,Azuaga,ES,2022-02-05 03:26:50,38.2667,-5.6833,46.96,89,99,4.97
167,Karratha,AU,2022-02-05 03:26:50,-20.7377,116.8463,93.38,52,49,19.1
168,Khvoynaya,RU,2022-02-05 03:26:51,58.9,34.5333,1.85,100,100,5.59
169,Upernavik,GL,2022-02-05 03:26:51,72.7868,-56.1549,4.06,95,100,14.52
170,Jaca,ES,2022-02-05 03:26:52,42.569,-0.5499,41.2,85,100,5.68
171,Georgetown,MY,2022-02-05 03:26:52,5.4112,100.3354,85.93,77,20,3.44
172,Saquarema,BR,2022-02-05 03:26:53,-22.92,-42.5103,74.59,93,100,9.95
173,Shimoda,JP,2022-02-05 03:26:54,34.6667,138.95,48.56,48,8,29.48
174,Aykhal,RU,2022-02-05 03:26:54,66.0,111.5,-22.13,100,90,5.17
175,Kushmurun,KZ,2022-02-05 03:26:55,52.4503,64.6311,17.08,78,100,7.67
176,Kralendijk,BQ,2022-02-05 03:26:55,12.15,-68.2667,76.98,78,12,9.22
177,Baijiantan,CN,2022-02-05 03:26:56,45.6333,85.1833,3.38,90,48,1.34
178,Puerto Quijarro,BO,2022-02-05 03:26:56,-17.7833,-57.7667,75.79,86,86,3.0
179,Novomichurinsk,RU,2022-02-05 03:26:57,54.0384,39.7479,8.62,94,26,10.29
180,New Norfolk,AU,2022-02-05 03:25:20,-42.7826,147.0587,69.89,50,98,1.99
181,Berlevag,NO,2022-02-05 03:26:58,70.8578,29.0864,20.62,80,100,27.49
182,Keelung,TW,2022-02-05 03:27:59,25.1283,121.7419,61.39,79,100,13.67
183,Hasaki,JP,2022-02-05 03:28:00,35.7333,140.8333,45.0,33,7,14.43
184,Valparaiso,CL,2022-02-05 03:28:00,-33.0393,-71.6273,67.48,81,0,3.44
185,Selma,US,2022-02-05 03:28:01,36.5708,-119.6121,56.98,43,0,4.83
186,Cabo San Lucas,MX,2022-02-05 03:28:01,22.8909,-109.9124,67.51,70,20,0.0
187,Mujiayingzi,CN,2022-02-05 03:28:01,42.1167,118.7833,17.83,38,0,16.71
188,Umm Kaddadah,SD,2022-02-05 03:25:10,13.6017,26.6876,56.79,27,1,18.84
189,Roald,NO,2022-02-05 03:28:02,62.5833,6.1333,39.0,65,40,29.93
190,Hamois,BE,2022-02-05 03:28:03,50.3348,5.1512,35.69,90,16,10.04
191,Gboko,NG,2022-02-05 03:28:03,7.3179,8.9951,71.56,18,5,9.62
192,Nantucket,US,2022-02-05 03:28:04,41.2835,-70.0995,37.15,94,100,22.1
193,Sinnamary,GF,2022-02-05 03:28:04,5.3833,-52.95,75.7,90,95,8.39
194,Nome,US,2022-02-05 03:28:05,64.5011,-165.4064,3.27,66,20,6.91
195,Muisne,EC,2022-02-05 03:28:05,0.6,-80.0333,76.78,82,88,3.78
196,Los Llanos De Aridane,ES,2022-02-05 03:28:06,28.6585,-17.9182,59.13,76,0,5.01
197,Sorland,NO,2022-02-05 03:28:06,67.667,12.6934,28.47,88,100,26.98
198,Nago,JP,2022-02-05 03:28:07,26.5881,127.9761,63.03,54,45,15.03
199,Boa Vista,BR,2022-02-05 03:25:08,2.8197,-60.6733,80.58,69,0,9.22
200,Kibre Mengist,ET,2022-02-05 03:28:08,5.8833,38.9833,51.85,33,12,2.98
201,Acapulco,MX,2022-02-05 03:27:21,16.8634,-99.8901,75.02,83,20,0.0
202,San Patricio,US,2022-02-05 03:28:09,28.017,-97.5169,41.83,72,6,13.98
203,Coihaique,CL,2022-02-05 03:23:56,-45.5752,-72.0662,57.15,72,0,3.44
204,Chokurdakh,RU,2022-02-05 03:23:51,70.6333,147.9167,-30.24,100,12,1.39
205,Stavern,NO,2022-02-05 03:28:09,59.0,10.0333,33.73,67,89,20.04
206,Ribeira Grande,PT,2022-02-05 03:28:10,38.5167,-28.7,58.93,82,25,12.88
207,Port Augusta,AU,2022-02-05 03:28:10,-32.5,137.7667,90.72,19,7,7.96
208,Aklavik,CA,2022-02-05 03:28:11,68.2191,-135.0107,-19.48,90,6,17.67
209,Yeppoon,AU,2022-02-05 03:28:11,-23.1333,150.7333,85.78,59,56,20.42
210,Dudinka,RU,2022-02-05 03:28:12,69.4058,86.1778,-2.42,96,95,6.04
211,Marzuq,YE,2022-02-05 03:28:13,14.4,46.4667,61.41,28,0,5.17
212,Salekhard,RU,2022-02-05 03:28:13,66.53,66.6019,-4.04,99,94,1.74
213,Petapa,GT,2022-02-05 03:28:13,14.5028,-90.5517,67.35,68,20,18.41
214,Wageningen,NL,2022-02-05 03:28:14,51.9667,5.6667,41.9,89,40,9.22
215,Riyadh,SA,2022-02-05 03:24:46,24.6877,46.7219,60.94,33,28,20.58
216,Crestview,US,2022-02-05 03:28:15,30.7621,-86.5705,40.33,93,100,7.0
217,Canatlan,MX,2022-02-05 03:28:15,24.5167,-104.7833,43.32,57,0,7.94
218,Noshiro,JP,2022-02-05 03:28:16,40.2039,140.0242,27.54,72,100,18.88
219,Yaan,NG,2022-02-05 03:28:16,7.3833,8.5667,76.3,14,0,8.79
220,Qui Nhon,VN,2022-02-05 03:28:17,13.7667,109.2333,74.86,84,82,19.15
221,Nampa,US,2022-02-05 03:28:17,43.5407,-116.5635,33.66,76,100,5.75
222,Pagudpud,PH,2022-02-05 03:28:18,18.5616,120.7868,84.16,81,93,18.99
223,Halayhay,PH,2022-02-05 03:28:18,14.3739,120.8133,87.87,56,39,16.42
224,Bengkulu,ID,2022-02-05 03:28:19,-3.8004,102.2655,76.21,86,100,3.76
225,Dwarka,IN,2022-02-05 03:28:19,22.2394,68.9678,69.91,57,16,8.95
226,Kaeo,NZ,2022-02-05 03:29:19,-35.1,173.7833,75.33,90,57,13.0
227,Cawayan,PH,2022-02-05 03:29:20,9.9718,122.6249,81.86,72,98,15.7
228,Waddan,LY,2022-02-05 03:29:21,29.1614,16.139,48.51,48,0,4.5
229,Smithers,CA,2022-02-05 03:28:05,54.7804,-127.1743,37.72,87,75,2.3
230,Sao Raimundo Das Mangabeiras,BR,2022-02-05 03:29:21,-7.0219,-45.4811,75.13,81,98,3.06
231,Corning,US,2022-02-05 03:29:22,42.1428,-77.0547,15.98,73,100,0.0
232,Tasiilaq,GL,2022-02-05 03:29:22,65.6145,-37.6368,24.96,69,100,42.46
233,North Bend,US,2022-02-05 03:29:23,43.4065,-124.2243,49.06,99,100,3.44
234,Puerto Ayora,EC,2022-02-05 03:29:23,-0.7393,-90.3518,75.54,92,56,5.01
235,Victor Harbor,AU,2022-02-05 03:29:24,-35.5667,138.6167,85.8,51,78,10.89
236,Mulege,MX,2022-02-05 03:29:24,26.8833,-111.9833,56.91,44,0,8.46
237,San Juan,AR,2022-02-05 03:24:30,-31.5375,-68.5364,78.98,29,0,6.6
238,Bandarbeyla,SO,2022-02-05 03:29:25,9.4942,50.8122,71.91,75,0,3.78
239,High Rock,BS,2022-02-05 03:29:25,26.6208,-78.2833,66.22,66,0,9.89
240,Tiksi,RU,2022-02-05 03:29:26,71.6872,128.8694,-22.23,98,69,7.36
241,Tiarei,PF,2022-02-05 03:29:26,-17.5333,-149.3333,84.22,74,24,14.05
242,Mareeba,AU,2022-02-05 03:29:27,-17.0,145.4333,83.66,83,99,3.4
243,Polewali,ID,2022-02-05 03:29:27,-3.4324,119.3435,86.4,64,100,3.15
244,Virginia Beach,US,2022-02-05 03:27:16,36.8529,-75.978,42.12,92,100,3.0
245,Iqaluit,CA,2022-02-05 03:29:28,63.7506,-68.5145,-18.67,57,75,3.44
246,Broome,US,2022-02-05 03:29:28,42.2506,-75.833,16.7,89,100,3.0
247,Pleasanton,US,2022-02-05 03:29:29,37.6624,-121.8747,56.34,67,0,0.0
248,Taywarah,AF,2022-02-05 03:29:29,33.35,64.4167,23.92,49,49,2.33
249,Luanda,AO,2022-02-05 03:29:30,-8.8368,13.2343,75.2,83,75,6.91
250,Carnarvon,AU,2022-02-05 03:29:31,-24.8667,113.6333,105.87,21,10,12.66
251,Hualmay,PE,2022-02-05 03:29:31,-11.0964,-77.6139,69.78,85,39,9.1
252,Tricase,IT,2022-02-05 03:29:32,39.9304,18.3553,49.82,89,90,13.69
253,Santa Ana,US,2022-02-05 03:29:26,33.7456,-117.8678,64.42,22,20,5.99
254,Livingston,GB,2022-02-05 03:29:32,55.9029,-3.5226,39.27,82,75,14.97
255,Lere,NG,2022-02-05 03:29:33,10.387,8.5726,60.57,20,0,7.87
256,Sivaki,RU,2022-02-05 03:29:34,52.6333,126.75,4.41,66,100,8.32
257,Thompson,CA,2022-02-05 03:29:34,55.7435,-97.8558,-21.84,76,0,4.61
258,Coquimbo,CL,2022-02-05 03:29:35,-29.9533,-71.3436,64.13,82,0,2.3
259,Aleksandrovka,UA,2022-02-05 03:29:35,46.8383,32.7612,25.02,69,0,3.36
260,Liverpool,GB,2022-02-05 03:28:33,53.4106,-2.9779,42.76,84,20,1.99
261,Kostino,RU,2022-02-05 03:29:36,58.9097,53.2691,17.11,94,100,8.32
262,Tulun,RU,2022-02-05 03:29:37,54.5611,100.5792,8.92,81,100,5.17
263,Flinders,AU,2022-02-05 03:29:37,-34.5833,150.8552,75.2,67,62,11.01
264,Robertsport,LR,2022-02-05 03:29:38,6.7533,-11.3686,78.33,83,9,2.82
265,Lufilufi,WS,2022-02-05 03:29:38,-13.8745,-171.5986,89.38,77,99,15.1
266,Galesong,ID,2022-02-05 03:29:39,-5.3166,119.3661,86.02,71,99,9.06
267,Ojhar,IN,2022-02-05 03:29:39,20.1,73.9333,61.61,40,95,5.32
268,Bato,PH,2022-02-05 03:29:40,13.3528,123.3677,82.17,68,95,8.77
269,Caraballeda,VE,2022-02-05 03:29:40,10.6112,-66.8522,78.87,83,40,0.0
270,Steamboat Springs,US,2022-02-05 03:25:02,40.485,-106.8317,26.1,64,0,0.0
271,Kruisfontein,ZA,2022-02-05 03:29:41,-34.0033,24.7314,64.89,78,63,4.03
272,Dunedin,NZ,2022-02-05 03:29:41,-45.8742,170.5036,56.41,59,84,5.93
273,Cherskiy,RU,2022-02-05 03:30:42,68.75,161.3,-30.96,96,8,3.94
274,Beringovskiy,RU,2022-02-05 03:30:42,63.05,179.3167,-9.99,88,52,11.43
275,Yatou,CN,2022-02-05 03:30:43,37.15,122.3833,31.21,36,76,16.2
276,Meridian,US,2022-02-05 03:30:43,43.6121,-116.3915,32.79,75,100,1.01
277,Vendome,FR,2022-02-05 03:30:44,47.8,1.0667,34.27,94,20,6.35
278,Samarai,PG,2022-02-05 03:30:44,-10.6167,150.6667,84.96,74,95,9.69
279,Sisimiut,GL,2022-02-05 03:30:45,66.9395,-53.6735,1.33,91,100,17.58
280,Cuenca,EC,2022-02-05 03:30:45,-2.8833,-78.9833,55.53,94,100,4.61
281,Osakarovka,KZ,2022-02-05 03:30:46,50.565,72.5692,7.2,66,13,8.32
282,Nizhniy Odes,RU,2022-02-05 03:30:46,63.6445,54.856,-10.59,100,100,0.54
283,Clyde River,CA,2022-02-05 03:30:47,70.4692,-68.5914,-14.57,70,75,3.44
284,Cabedelo,BR,2022-02-05 03:30:47,-6.9811,-34.8339,79.47,77,7,10.27
285,San Jose Del Guaviare,CO,2022-02-05 03:30:48,2.5729,-72.6459,76.64,76,92,0.4
286,Torbay,CA,2022-02-05 03:30:48,47.6666,-52.7314,30.97,100,100,9.22
287,Puerto Leguizamo,CO,2022-02-05 03:30:49,-0.1934,-74.7819,72.0,98,59,2.06
288,Ekhabi,RU,2022-02-05 03:30:49,53.5102,142.9671,3.56,94,100,21.47
289,Usinsk,RU,2022-02-05 03:26:57,65.9939,57.5281,-4.07,100,98,5.37
290,Mayo,US,2022-02-05 03:30:50,38.8876,-76.5119,36.41,81,100,5.99
291,Ketchikan,US,2022-02-05 03:30:51,55.3422,-131.6461,45.07,76,75,6.91
292,Vuktyl,RU,2022-02-05 03:30:51,63.8567,57.3094,-6.02,100,93,2.26
293,Nanakuli,US,2022-02-05 03:30:52,21.3906,-158.1547,80.55,62,75,9.22
294,Quimperle,FR,2022-02-05 03:30:52,47.8667,-3.55,45.95,87,0,3.44
295,Hokitika,NZ,2022-02-05 03:30:53,-42.7167,170.9667,60.12,84,100,8.25
296,Mehamn,NO,2022-02-05 03:30:53,71.0357,27.8492,19.35,83,100,27.07
297,Vulcanesti,MD,2022-02-05 03:30:54,45.6842,28.4028,30.16,68,23,6.96
298,Ouesso,CG,2022-02-05 03:30:54,1.6136,16.0517,66.88,54,83,1.81
299,Salisbury,GB,2022-02-05 03:28:22,51.0693,-1.7957,39.65,90,2,10.36
300,Tutoia,BR,2022-02-05 03:30:55,-2.7619,-42.2744,78.78,87,100,8.9
301,Nahuala,GT,2022-02-05 03:30:56,14.85,-91.3167,51.84,100,6,6.24
302,Khilok,RU,2022-02-05 03:30:56,51.3674,110.4676,11.01,82,99,8.66
303,The Valley,AI,2022-02-05 03:30:56,18.217,-63.0578,73.09,76,100,16.71
304,Praxedis Guerrero,MX,2022-02-05 03:30:57,31.3667,-106.0167,37.35,52,0,5.3
305,Jardim,BR,2022-02-05 03:30:14,-21.4803,-56.1381,74.41,85,60,4.32
306,Egvekinot,RU,2022-02-05 03:30:58,66.3167,-179.1667,-6.16,72,0,12.86
307,Whitianga,NZ,2022-02-05 03:30:19,-36.8333,175.7,74.61,76,33,10.42
308,Sorong,ID,2022-02-05 03:30:58,-0.8833,131.25,84.78,70,100,15.12
309,Rio Grande,BR,2022-02-05 03:30:59,-32.035,-52.0986,73.51,94,25,7.43
310,Nouadhibou,MR,2022-02-05 03:26:24,20.931,-17.0347,66.04,67,4,13.24
311,Benguela,AO,2022-02-05 03:28:54,-12.5763,13.4055,73.62,74,100,4.56
312,Chara,RU,2022-02-05 03:31:00,56.9064,118.2631,-5.94,89,81,1.34
313,Praia Da Vitoria,PT,2022-02-05 03:31:01,38.7333,-27.0667,57.76,100,75,17.85
314,Luyang,CN,2022-02-05 03:31:02,27.6239,110.0989,48.15,57,16,4.05
315,Avera,US,2022-02-05 03:31:02,33.194,-82.5271,49.51,80,100,15.5
316,Butembo,CD,2022-02-05 03:31:02,0.15,29.2833,60.93,70,100,1.39
317,Belle Fourche,US,2022-02-05 03:31:03,44.6714,-103.8522,44.11,72,23,5.3
318,Antofagasta,CL,2022-02-05 03:32:04,-23.65,-70.4,73.22,60,3,5.1
319,Port Hardy,CA,2022-02-05 03:30:19,50.6996,-127.4199,45.75,93,100,6.91
320,Bambous Virieux,MU,2022-02-05 03:32:05,-20.3428,57.7575,80.22,89,75,17.27
321,Vanavara,RU,2022-02-05 03:32:05,60.34,102.2797,11.23,92,100,7.94
322,Talaya,RU,2022-02-05 03:32:07,61.3833,152.75,-25.08,95,47,2.55
323,Namibe,AO,2022-02-05 03:32:07,-15.1961,12.1522,70.47,68,24,6.13
324,Farah,AF,2022-02-05 03:32:08,32.5,62.5,48.92,29,100,3.85
325,Arkhangelskoye,RU,2022-02-05 03:32:08,55.8549,35.3287,11.97,98,100,3.53
326,Hambantota,LK,2022-02-05 03:32:09,6.1241,81.1185,80.94,89,76,6.91
327,Samsun,TR,2022-02-05 03:32:09,41.25,36.3333,34.56,87,75,5.75
328,Volya,RU,2022-02-05 03:32:10,51.7651,39.5404,10.49,95,34,7.18
329,Wufeng,CN,2022-02-05 03:32:10,27.45,104.8333,34.43,90,100,3.36
330,Upington,ZA,2022-02-05 03:32:11,-28.4478,21.2561,74.79,36,2,7.14
331,Padang,ID,2022-02-05 03:32:11,-0.9492,100.3543,82.11,75,89,2.3
332,Severo-Kurilsk,RU,2022-02-05 03:32:12,50.6789,156.125,31.1,85,87,9.53
333,Zeya,RU,2022-02-05 03:32:12,53.75,127.2667,6.96,49,60,5.12
334,Saint-Jean-De-Braye,FR,2022-02-05 03:32:12,47.913,1.9771,34.03,95,0,1.99
335,Saint Joseph,US,2022-02-05 03:32:13,39.7686,-94.8466,21.4,50,0,0.0
336,Voslobeni,RO,2022-02-05 03:32:13,46.65,25.6333,16.21,90,67,2.62
337,Redcliffe,AU,2022-02-05 03:32:14,-27.2307,153.0973,83.14,52,75,13.8
338,Kununurra,AU,2022-02-05 03:32:14,-15.7667,128.7333,78.78,94,100,6.91
339,Moose Factory,CA,2022-02-05 03:32:15,51.2585,-80.6094,-16.6,76,0,3.44
340,Aguimes,ES,2022-02-05 03:32:15,27.9054,-15.4461,64.65,36,0,4.61
341,Dukat,RU,2022-02-05 03:32:16,62.55,155.55,-10.3,73,4,8.16
342,Bubaque,GW,2022-02-05 03:32:16,11.2833,-15.8333,77.59,65,0,8.55
343,Talnakh,RU,2022-02-05 03:32:17,69.4865,88.3972,-7.91,97,93,4.38
344,Oulainen,FI,2022-02-05 03:32:17,64.2667,24.8,28.26,95,100,11.68
345,Laguna,US,2022-02-05 03:32:18,38.421,-121.4238,56.32,62,0,3.44
346,Sattahip,TH,2022-02-05 03:32:18,12.6664,100.9007,87.66,58,20,4.61
347,Mlonggo,ID,2022-02-05 03:32:19,-6.5333,110.7,85.89,81,56,11.07
348,Hofn,IS,2022-02-05 03:32:19,64.2539,-15.2082,25.63,66,100,13.73
349,Sur,OM,2022-02-05 03:32:20,22.5667,59.5289,71.15,42,7,7.74
350,Pangai,TO,2022-02-05 03:32:20,-19.8,-174.35,77.11,88,100,8.05
351,Visby,SE,2022-02-05 03:32:20,57.6409,18.296,35.82,93,100,11.5
352,Fare,PF,2022-02-05 03:32:21,-16.7,-151.0167,80.83,73,81,13.62
353,Kamaishi,JP,2022-02-05 03:32:21,39.2667,141.8833,31.15,48,19,17.9
354,Manacapuru,BR,2022-02-05 03:32:22,-3.2997,-60.6206,73.98,95,100,3.49
355,Taltal,CL,2022-02-05 03:32:22,-25.4,-70.4833,67.73,72,0,3.58
356,Phultala,BD,2022-02-05 03:32:23,22.7,89.5167,70.16,48,8,12.3
357,Sumter,US,2022-02-05 03:32:23,28.7086,-82.0831,71.55,87,52,6.58
358,Wodonga,AU,2022-02-05 03:32:24,-36.1167,146.8833,78.96,64,0,9.22
359,Angoche,MZ,2022-02-05 03:32:24,-16.2325,39.9086,74.3,91,100,7.2
360,Anadyr,RU,2022-02-05 03:32:25,64.75,177.4833,12.7,44,0,4.47
361,Alofi,NU,2022-02-05 03:32:26,-19.0595,-169.9187,76.89,94,100,5.75
362,Muros,ES,2022-02-05 03:31:12,42.7762,-9.0603,52.09,79,69,14.36
363,Pisco,PE,2022-02-05 03:32:26,-13.7,-76.2167,67.01,82,0,8.05
364,Narsaq,GL,2022-02-05 03:32:27,60.9167,-46.05,-0.26,51,0,16.44
365,Saldanha,ZA,2022-02-05 03:33:27,-33.0117,17.9442,59.05,73,0,9.13
366,Verkhnevilyuysk,RU,2022-02-05 03:33:28,63.4453,120.3167,-10.07,90,77,2.46
367,Urumqi,CN,2022-02-05 03:33:28,43.801,87.6005,-1.25,85,40,2.24
368,Hisor,TJ,2022-02-05 03:33:29,38.525,68.5512,37.15,24,0,4.18
369,Saint Augustine,US,2022-02-05 03:33:29,29.8947,-81.3145,71.69,86,100,12.66
370,Petropavlovsk-Kamchatskiy,RU,2022-02-05 03:33:30,53.0452,158.6483,30.79,43,20,13.42
371,Datong,CN,2022-02-05 03:33:30,40.0936,113.2914,18.19,35,34,5.46
372,Kudahuvadhoo,MV,2022-02-05 03:33:30,2.6708,72.8944,81.88,72,29,10.27
373,Ballina,AU,2022-02-05 03:33:31,-28.8667,153.5667,78.98,72,100,21.85
374,Dalen,NL,2022-02-05 03:33:32,52.6992,6.7556,40.89,90,84,14.0
375,Suhbaatar,MN,2022-02-05 03:33:32,50.2314,106.2078,2.05,87,86,6.02
376,Westport,US,2022-02-05 03:33:33,41.1415,-73.3579,31.32,86,100,3.0
377,Lungi,SL,2022-02-05 03:33:33,9.2212,-12.6831,68.29,92,0,0.78
378,Ostrovnoy,RU,2022-02-05 03:33:34,68.0531,39.5131,14.81,84,100,24.29
379,Chuy,UY,2022-02-05 03:33:34,-33.6971,-53.4616,68.59,94,36,4.23
380,Wamba,NG,2022-02-05 03:32:11,8.9333,8.6,67.15,17,0,4.07
381,Hami,CN,2022-02-05 03:33:35,42.8,93.45,28.04,28,100,3.13
382,Jiaojiang,CN,2022-02-05 03:33:35,28.6803,121.4428,52.0,56,2,11.16
383,Pizarro,CO,2022-02-05 03:33:35,4.9533,-77.366,75.02,93,24,7.18
384,Sabha,LY,2022-02-05 03:33:36,27.0377,14.4283,47.59,36,0,6.58
385,Codrington,AU,2022-02-05 03:33:36,-38.2667,141.9667,69.82,57,98,20.29
386,Trairi,BR,2022-02-05 03:33:37,-3.2778,-39.2689,76.19,90,99,6.15
387,Impfondo,CG,2022-02-05 03:33:37,1.6381,18.0667,66.9,46,96,3.09
388,Agirish,RU,2022-02-05 03:33:38,61.9247,63.0231,2.05,96,100,1.57
389,Linxia,CN,2022-02-05 03:33:38,35.6003,103.2064,20.88,81,100,5.28
390,Palasa,IN,2022-02-05 03:33:39,18.7667,84.4167,76.69,28,52,2.35
391,Monywa,MM,2022-02-05 03:33:39,22.1167,95.1333,72.7,41,85,6.62
392,Katsuura,JP,2022-02-05 03:33:40,35.1333,140.3,46.51,39,98,8.21
393,Namatanai,PG,2022-02-05 03:33:41,-3.6667,152.4333,85.51,66,82,9.55
394,Necochea,AR,2022-02-05 03:33:41,-38.5473,-58.7368,63.03,73,100,8.16
395,Pangnirtung,CA,2022-02-05 03:33:42,66.1451,-65.7125,-18.4,69,75,2.3
396,Cockburn Town,TC,2022-02-05 03:33:42,21.4612,-71.1419,75.96,73,0,16.31
397,Kaohsiung,TW,2022-02-05 03:30:51,22.6163,120.3133,69.75,67,20,4.0
398,Thibodaux,US,2022-02-05 03:33:43,29.7958,-90.8229,37.38,84,100,11.99
399,Floro,NO,2022-02-05 03:33:43,61.5996,5.0328,39.16,56,75,26.46
400,Vitoria Da Conquista,BR,2022-02-05 03:33:44,-14.8661,-40.8394,65.25,96,100,3.56
401,Kangaatsiaq,GL,2022-02-05 03:33:44,68.3065,-53.4641,3.81,68,100,17.87
402,Vestmannaeyjar,IS,2022-02-05 03:33:45,63.4427,-20.2734,32.4,84,100,29.21
403,Camana,PE,2022-02-05 03:33:45,-16.6228,-72.7111,70.81,82,76,6.78
404,Basak,PH,2022-02-05 03:33:46,6.7274,124.1512,81.84,64,99,9.91
405,Saint-Augustin,CA,2022-02-05 03:33:46,51.226,-58.6502,-11.36,86,100,8.84
406,Kampot,KH,2022-02-05 03:33:47,10.6167,104.1833,84.25,51,46,11.72
407,Great Falls,US,2022-02-05 03:33:47,47.5002,-111.3008,42.42,54,0,8.01
408,Tagusao,PH,2022-02-05 03:33:48,9.1924,117.8141,82.71,71,98,8.93
409,Conceicao Do Araguaia,BR,2022-02-05 03:33:48,-8.2578,-49.2647,73.65,95,61,4.09
410,Harnosand,SE,2022-02-05 03:30:13,62.6323,17.9379,21.22,89,64,9.84
411,Sioux Lookout,CA,2022-02-05 03:33:49,50.1001,-91.917,-7.22,83,0,2.3
412,Manono,CD,2022-02-05 03:33:49,-7.3,27.4167,65.14,94,100,1.9
413,Sayat,TM,2022-02-05 03:33:50,38.7839,63.8803,48.07,25,1,21.68
414,Malartic,CA,2022-02-05 03:34:50,48.1335,-78.1328,-7.49,100,97,3.18
415,Boca Do Acre,BR,2022-02-05 03:34:51,-8.7522,-67.3978,70.54,99,99,2.33
416,Mezen,RU,2022-02-05 03:34:52,65.8522,44.24,-4.32,100,100,7.11
417,Cayenne,GF,2022-02-05 03:34:52,4.9333,-52.3333,80.1,86,75,8.01
418,Alenquer,BR,2022-02-05 03:34:52,-1.9417,-54.7383,75.54,96,99,1.61
419,Srednekolymsk,RU,2022-02-05 03:34:53,67.45,153.6833,-29.25,100,100,0.92
420,Marystown,CA,2022-02-05 03:31:25,47.1666,-55.1483,37.85,100,100,5.99
421,Kloulklubed,PW,2022-02-05 03:34:54,7.0419,134.2556,84.7,82,44,18.19
422,Salalah,OM,2022-02-05 03:30:09,17.0151,54.0924,71.69,68,75,2.3
423,Deputatskiy,RU,2022-02-05 03:34:54,69.3,139.9,-26.28,98,77,2.95
424,Immokalee,US,2022-02-05 03:34:55,26.4187,-81.4173,71.91,87,40,0.0
425,Noyabrsk,RU,2022-02-05 03:34:55,63.1994,75.4507,-0.54,97,56,10.51
426,Qinhuangdao,CN,2022-02-05 03:34:56,39.9317,119.5883,27.41,32,0,9.17
427,Lorengau,PG,2022-02-05 03:34:56,-2.0226,147.2712,85.19,64,98,9.01
428,Bay Roberts,CA,2022-02-05 03:31:34,47.5999,-53.2648,31.75,98,100,1.74
429,Sudak,UA,2022-02-05 03:34:57,44.85,34.9667,31.59,67,9,4.5
430,Ambilobe,MG,2022-02-05 03:34:57,-13.2,49.05,76.77,88,100,10.47
431,Shingu,JP,2022-02-05 03:34:58,33.7333,135.9833,40.91,45,23,16.42
432,Victoria,HK,2022-02-05 03:31:39,22.2855,114.1577,62.26,75,75,1.99
433,Houma,US,2022-02-05 03:34:58,29.5958,-90.7195,37.4,87,100,14.9
434,Ozernovskiy,RU,2022-02-05 03:34:59,51.5,156.5167,29.73,81,95,3.85
435,Waitati,NZ,2022-02-05 03:34:59,-45.75,170.5667,54.64,64,99,5.06
436,Kavieng,PG,2022-02-05 03:35:00,-2.5744,150.7967,84.15,70,92,7.99
437,Gat,IL,2022-02-05 03:34:42,31.61,34.7642,52.48,100,86,9.71
438,Luan,CH,2022-02-05 03:35:01,46.3592,6.9759,37.56,89,100,1.99
439,Stykkisholmur,IS,2022-02-05 03:35:01,65.0757,-22.7297,24.46,68,100,19.64
440,Ures,MX,2022-02-05 03:35:02,29.4333,-110.4,60.85,22,0,7.65
441,Korla,CN,2022-02-05 03:35:02,41.7597,86.1469,27.54,41,100,6.13
442,Orange,US,2022-02-05 03:34:19,33.7,-117.7675,64.24,27,20,1.01
443,Manggar,ID,2022-02-05 03:35:03,-2.8833,108.2667,82.47,72,100,5.53
444,Maumelle,US,2022-02-05 03:35:04,34.8668,-92.4043,31.68,96,8,3.15
445,Payo,ID,2022-02-05 03:35:04,-3.7508,103.6372,75.07,93,100,1.97
446,Alikalia,SL,2022-02-05 03:35:05,9.1667,-11.4,62.64,27,1,1.34
447,Dutlwe,BW,2022-02-05 03:35:05,-23.9833,23.9,69.4,78,76,12.55
448,Port Lincoln,AU,2022-02-05 03:35:06,-34.7333,135.8667,73.83,56,6,10.94
449,Miastko,PL,2022-02-05 03:35:07,54.0028,16.9826,37.06,82,100,19.35
450,Gorontalo,ID,2022-02-05 03:35:07,0.5412,123.0595,90.37,55,98,3.69
451,Kasangulu,CD,2022-02-05 03:35:07,-4.5911,15.1708,72.54,97,79,3.15
452,George,ZA,2022-02-05 03:35:08,-33.963,22.4617,58.55,88,0,8.05
453,Birin,NP,2022-02-05 03:35:08,26.8865,88.0718,41.05,92,98,2.84
454,San Lorenzo,PY,2022-02-05 03:35:09,-25.3333,-57.5333,76.59,94,100,7.0
455,Qujing,CN,2022-02-05 03:35:09,25.4833,103.7833,52.0,69,90,12.03
456,Svetlyy,RU,2022-02-05 03:35:10,54.675,20.1347,41.05,97,100,21.25
457,Iznik,TR,2022-02-05 03:35:10,40.4286,29.7211,31.95,80,4,5.88
458,Poso,ID,2022-02-05 03:35:11,-1.3959,120.7524,85.8,65,95,6.29
459,Baykit,RU,2022-02-05 03:35:45,61.67,96.37,13.96,95,100,3.27
460,Talara,PE,2022-02-05 03:36:12,-4.5772,-81.2719,71.85,83,51,13.91
461,Juneau,US,2022-02-05 03:36:13,58.3019,-134.4197,37.85,95,100,0.0
462,Chapleau,CA,2022-02-05 03:36:13,47.8405,-83.4034,-20.47,100,66,1.61
463,Staryy Nadym,RU,2022-02-05 03:36:14,65.6118,72.6842,-1.26,99,86,9.64
464,Duku,NG,2022-02-05 03:36:14,11.2361,4.9073,68.99,13,0,8.97
465,Koslan,RU,2022-02-05 03:36:15,63.4564,48.8989,-9.74,100,97,2.19
466,Gravelbourg,CA,2022-02-05 03:36:15,49.8834,-106.5512,23.27,90,100,9.69
467,Hobyo,SO,2022-02-05 03:36:16,5.3505,48.5268,75.16,68,20,14.16
468,Puerto Baquerizo Moreno,EC,2022-02-05 03:36:16,-0.9,-89.6,75.0,85,87,7.72
469,Grand Gaube,MU,2022-02-05 03:36:17,-20.0064,57.6608,80.38,80,99,11.99
470,Rocha,UY,2022-02-05 03:36:17,-34.4833,-54.3333,65.98,96,60,3.76
471,Nioaque,BR,2022-02-05 03:36:18,-21.1353,-55.83,74.01,88,90,3.22
472,Honiara,SB,2022-02-05 03:36:18,-9.4333,159.95,85.96,69,100,7.81
473,Forbes,AU,2022-02-05 03:36:19,-33.3833,148.0167,81.91,26,12,12.08
474,Bastia,FR,2022-02-05 03:36:19,42.6667,9.3333,53.4,87,75,1.14
475,Sandwick,GB,2022-02-05 03:36:20,60.0,-1.25,40.82,70,75,21.85
476,Topolog,RO,2022-02-05 03:36:20,44.8833,28.3667,29.62,70,25,6.08
477,Otukpo,NG,2022-02-05 03:36:20,7.1913,8.1329,70.88,17,0,3.33
478,Methoni,GR,2022-02-05 03:36:21,36.8197,21.7049,46.22,75,28,6.29
479,Elat,IL,2022-02-05 03:36:21,29.5581,34.9482,55.24,47,40,5.75
480,Maningrida,AU,2022-02-05 03:36:22,-12.0667,134.2667,86.79,65,82,8.84
481,Pangody,RU,2022-02-05 03:36:22,65.85,74.4859,3.45,98,100,6.42
482,Rawlins,US,2022-02-05 03:36:23,41.7911,-107.2387,32.22,39,0,9.22
483,Blyznyuky,UA,2022-02-05 03:36:24,48.8578,36.5551,9.41,96,62,6.24
484,Tirumullaivasal,IN,2022-02-05 03:36:24,11.2333,79.8333,80.35,69,89,3.89
485,Kavaratti,IN,2022-02-05 03:36:24,10.5669,72.642,77.79,58,80,4.29
486,Baoshan,CN,2022-02-05 03:36:25,46.5586,131.4244,6.03,69,30,11.03
487,Jizan,SA,2022-02-05 03:36:26,17.3333,42.6667,79.74,81,6,5.19
488,Mirabad,AF,2022-02-05 03:36:26,30.4362,61.8383,54.52,23,0,8.5
489,Bonavista,CA,2022-02-05 03:36:27,48.6499,-53.1147,30.11,94,100,23.29
490,Rosario,AR,2022-02-05 03:32:49,-32.9468,-60.6393,70.95,82,0,1.99
491,Mataram,ID,2022-02-05 03:36:27,-8.5833,116.1167,86.81,65,83,7.76
492,Chilmari,BD,2022-02-05 03:36:28,25.5559,89.6715,59.36,84,100,7.65
493,Mount Gambier,AU,2022-02-05 03:31:34,-37.8333,140.7667,76.91,41,75,19.57
494,Prince Rupert,CA,2022-02-05 03:36:28,54.3161,-130.3201,42.89,93,100,19.57
495,Wabag,PG,2022-02-05 03:36:29,-5.4781,143.7021,72.54,49,88,5.21
496,Dese,ET,2022-02-05 03:36:29,11.1333,39.6333,49.3,25,58,2.1
497,Severo-Yeniseyskiy,RU,2022-02-05 03:36:30,60.3725,93.0408,15.8,92,100,9.69
498,Alghero,IT,2022-02-05 03:36:30,40.5589,8.3181,50.99,93,40,5.75
499,Malindi,KE,2022-02-05 03:36:31,-3.2175,40.1191,75.74,89,66,4.07
500,Menongue,AO,2022-02-05 03:36:31,-14.6585,17.691,61.61,97,100,4.25
501,Ishigaki,JP,2022-02-05 03:36:32,24.3448,124.1572,62.73,67,75,19.57
502,Hervey Bay,AU,2022-02-05 03:36:32,-25.2986,152.8535,84.31,58,29,15.01
503,Warrnambool,AU,2022-02-05 03:36:33,-38.3833,142.4833,75.81,60,100,20.27
504,Alberton,CA,2022-02-05 03:36:33,46.8168,-64.0654,21.33,93,100,20.45
505,Aksarka,RU,2022-02-05 03:36:34,66.5606,67.7975,-1.39,100,89,1.7
506,Petrove,UA,2022-02-05 03:37:34,48.3247,33.2562,13.68,97,28,2.39
507,Saint Pete Beach,US,2022-02-05 03:37:35,27.7253,-82.7412,71.65,83,0,5.01
508,Serenje,ZM,2022-02-05 03:37:35,-13.2325,30.2352,59.86,97,100,5.82
509,Klaksvik,FO,2022-02-05 03:36:59,62.2266,-6.589,34.72,57,98,12.84
510,Quatre Cocos,MU,2022-02-05 03:37:34,-20.2078,57.7625,80.1,86,99,19.91
511,Katherine,AU,2022-02-05 03:37:36,-14.4667,132.2667,75.52,88,77,12.66
512,Ngunguru,NZ,2022-02-05 03:37:37,-35.6167,174.5,75.16,84,43,15.35
513,Kang,BW,2022-02-05 03:37:37,-23.6752,22.7876,68.02,76,10,7.76
514,Aden,YE,2022-02-05 03:37:38,12.7794,45.0367,76.46,52,73,4.16
515,Loreto,MX,2022-02-05 03:37:38,22.2667,-101.9667,56.95,68,33,4.38
516,Jhajjar,IN,2022-02-05 03:37:38,28.6063,76.6565,48.15,74,0,0.96
517,Kailua,US,2022-02-05 03:35:07,21.4022,-157.7394,78.78,66,100,6.91
518,Bhadrachalam,IN,2022-02-05 03:37:39,17.6667,80.8833,75.25,26,37,5.19
519,Miraflores,MX,2022-02-05 03:37:39,19.2167,-98.8083,62.02,56,9,2.57
520,Saint Anthony,US,2022-02-05 03:37:40,45.0205,-93.218,1.92,72,0,1.99
521,Tashara,RU,2022-02-05 03:37:41,55.5195,83.5094,9.23,82,99,11.77
522,Margate,GB,2022-02-05 03:35:57,51.3813,1.3862,39.96,82,1,1.99
523,Poronaysk,RU,2022-02-05 03:37:41,49.2167,143.1167,18.39,80,100,12.97
524,Arman,RU,2022-02-05 03:37:42,59.7,150.1667,6.33,72,38,11.68
525,Zhoucun,CN,2022-02-05 03:37:42,36.8167,117.8167,33.42,20,36,7.74
526,Vao,NC,2022-02-05 03:37:43,-22.6667,167.4833,80.1,86,100,9.06
527,Maralal,KE,2022-02-05 03:37:43,1.0968,36.698,59.92,57,100,1.3
528,Kumluca,TR,2022-02-05 03:37:44,36.3703,30.2869,36.68,40,9,6.91
529,Guanhaes,BR,2022-02-05 03:37:44,-18.775,-42.9325,67.42,99,100,3.83
530,Sawtell,AU,2022-02-05 03:37:45,-30.3833,153.1,77.32,53,75,24.16
531,Ippy,CF,2022-02-05 03:37:45,6.2679,21.2247,71.6,26,50,4.76
532,Manzanillo,CU,2022-02-05 03:37:46,20.3433,-77.1167,70.16,76,3,8.97
533,Ishinomaki,JP,2022-02-05 03:37:47,38.4167,141.3,35.6,49,58,23.06
534,San Quintin,MX,2022-02-05 03:37:47,30.4833,-115.95,56.39,53,16,4.43
535,Skibbereen,IE,2022-02-05 03:37:48,51.55,-9.2667,47.1,74,74,18.23
536,Struga,MK,2022-02-05 03:37:48,41.1781,20.6761,34.45,66,65,3.71
537,Palmas Bellas,PA,2022-02-05 03:37:49,9.2319,-80.0867,78.71,81,7,10.92
538,Yeniseysk,RU,2022-02-05 03:34:36,58.4497,92.1703,22.1,95,100,8.72
539,Mitu,CO,2022-02-05 03:37:49,1.1983,-70.1733,70.99,98,100,2.24
540,Turukhansk,RU,2022-02-05 03:36:35,65.8167,87.9833,13.68,94,100,13.09
541,Whyalla,AU,2022-02-05 03:37:50,-33.0333,137.5833,82.29,24,7,8.05
542,Kaniama,CD,2022-02-05 03:37:50,-7.5667,24.1833,62.24,98,100,2.68
543,Koyelga,RU,2022-02-05 03:37:51,54.6522,60.9049,18.97,94,100,8.46
544,Port Blair,IN,2022-02-05 03:37:51,11.6667,92.75,84.24,74,40,6.91
545,Tautira,PF,2022-02-05 03:37:52,-17.7333,-149.15,84.22,75,32,13.13
546,Dolores,AR,2022-02-05 03:37:52,-36.3132,-57.6792,62.26,96,100,6.02
547,Amberley,US,2022-02-05 03:37:53,39.2048,-84.428,17.74,89,40,4.61
548,Ponta Grossa,BR,2022-02-05 03:33:43,-25.095,-50.1619,64.53,98,89,4.74
549,Khorramshahr,IR,2022-02-05 03:37:54,30.4397,48.1664,55.36,62,40,11.5
550,Jian,CN,2022-02-05 03:37:54,27.1172,114.9793,48.18,59,100,6.96
551,Nuuk,GL,2022-02-05 03:35:35,64.1835,-51.7216,7.41,85,75,14.97
552,Baghdad,IQ,2022-02-05 03:38:55,33.3406,44.4009,44.51,70,0,3.44
553,Yaguajay,CU,2022-02-05 03:38:55,22.3272,-79.2378,71.13,81,0,10.04
554,Sann,PK,2022-02-05 03:38:56,26.0418,68.1378,48.11,17,0,5.48
555,Dawei,MM,2022-02-05 03:38:56,14.0833,98.2,89.2,47,83,3.74
556,Carmen,MX,2022-02-05 03:38:57,18.6333,-91.8333,73.35,88,39,23.87
557,Coos Bay,US,2022-02-05 03:38:58,43.3665,-124.2179,49.14,99,100,3.44
558,Conceicao Do Almeida,BR,2022-02-05 03:38:58,-12.7794,-39.17,71.73,95,96,1.86
559,Tateyama,JP,2022-02-05 03:38:59,34.9833,139.8667,48.47,42,78,11.23
560,Aktash,RU,2022-02-05 03:38:59,50.3,87.7333,-5.3,72,2,5.86
561,Marawi,PH,2022-02-05 03:38:59,7.9986,124.2928,81.91,53,69,7.2
562,Warrington,GB,2022-02-05 03:39:00,53.3925,-2.5802,42.82,84,57,4.0
563,Pudozh,RU,2022-02-05 03:39:00,61.8099,36.5345,6.75,94,92,6.96
564,San Andres,CO,2022-02-05 03:39:01,12.5847,-81.7006,80.62,74,20,9.22
565,Isangel,VU,2022-02-05 03:34:10,-19.55,169.2667,75.31,94,100,4.61
566,Nizhniy Tsasuchey,RU,2022-02-05 03:39:01,50.5167,115.1333,10.83,69,24,15.1
567,Lasa,IT,2022-02-05 03:39:02,46.6166,10.7002,40.46,95,34,8.23
568,Ixtapa,MX,2022-02-05 03:39:02,20.7,-105.2,72.63,73,40,3.44
569,Lhokseumawe,ID,2022-02-05 03:39:03,5.1801,97.1507,82.71,70,100,3.8
570,Makakilo City,US,2022-02-05 03:39:03,21.3469,-158.0858,77.32,65,75,6.91
571,Saryg-Sep,RU,2022-02-05 03:39:04,51.5,95.6,-4.92,93,77,2.35
572,Saint Marys,US,2022-02-05 03:39:05,30.7305,-81.5465,67.01,93,100,5.99
573,Half Moon Bay,US,2022-02-05 03:39:05,37.4636,-122.4286,57.31,64,0,3.44
574,Puerto Escondido,MX,2022-02-05 03:38:16,15.85,-97.0667,76.28,70,0,7.4
575,Atessa,IT,2022-02-05 03:39:06,42.0693,14.4511,29.21,78,45,5.19
576,Lagos,NG,2022-02-05 03:39:06,6.5833,3.75,80.92,94,0,2.46
577,Gweru,ZW,2022-02-05 03:39:07,-19.45,29.8167,59.52,97,23,7.63
578,Jacareacanga,BR,2022-02-05 03:39:07,-6.2222,-57.7528,73.26,98,100,2.08
579,Tortoli,IT,2022-02-05 03:39:08,39.9256,9.6572,49.82,76,0,6.91
580,Plettenberg Bay,ZA,2022-02-05 03:34:10,-34.0527,23.3716,61.54,78,0,5.91
581,Mantua,IT,2022-02-05 03:39:09,45.1667,10.7833,45.72,90,100,1.12
582,Huarmey,PE,2022-02-05 03:39:09,-10.0681,-78.1522,70.7,84,57,7.76
