City_ID,City,Lat,Lng,Max Temp,Humidity,Cloudiness,Wind Speed,Country,Date,Description
0,Nyuksenitsa,60.4128,44.2397,-2.25,100,70,4.21,RU,2022-02-07 02:50:40,broken clouds
1,Tilichiki,60.4667,166.1,-4.72,79,1,8.61,RU,2022-02-07 02:50:41,clear sky
2,Vardo,70.3705,31.1107,23.14,82,59,20.94,NO,2022-02-07 02:50:41,broken clouds
3,Nioro,13.35,-15.75,73.8,34,0,2.44,GM,2022-02-07 02:50:42,clear sky
4,Artyshta,54.1222,86.2909,7.54,86,100,3.24,RU,2022-02-07 02:50:42,overcast clouds
5,Tigre,-34.426,-58.5796,66.22,76,0,9.22,AR,2022-02-07 02:50:43,clear sky
6,Tazmalt,36.3868,4.3989,46.53,95,20,2.33,DZ,2022-02-07 02:50:43,few clouds
7,Vao,-22.6667,167.4833,80.89,82,42,11.63,NC,2022-02-07 02:43:25,scattered clouds
8,Milevsko,49.4509,14.36,38.05,99,100,18.05,CZ,2022-02-07 02:50:44,overcast clouds
9,Portland,45.5234,-122.6762,50.94,82,20,3.0,US,2022-02-07 02:48:25,few clouds
10,Coffs Harbour,-30.3,153.1333,74.14,82,100,10.36,AU,2022-02-07 02:50:45,overcast clouds
11,Antalaha,-14.9003,50.2788,74.95,84,41,4.25,MG,2022-02-07 02:50:46,scattered clouds
12,Saldanha,-33.0117,17.9442,62.65,99,35,7.87,ZA,2022-02-07 02:43:44,scattered clouds
13,Victoria,22.2855,114.1577,65.97,90,100,11.01,HK,2022-02-07 02:42:36,overcast clouds
14,Dong Xoai,11.5333,106.9167,90.25,43,42,4.23,VN,2022-02-07 02:50:47,scattered clouds
15,Rapid City,44.0805,-103.231,41.54,47,0,5.99,US,2022-02-07 02:49:43,clear sky
16,Laza,46.65,27.5833,42.08,54,100,5.84,RO,2022-02-07 02:50:48,overcast clouds
17,Faanui,-16.4833,-151.75,81.01,75,100,20.13,PF,2022-02-07 02:38:53,light rain
18,Harper,4.375,-7.7169,78.76,83,100,6.06,LR,2022-02-07 02:50:48,overcast clouds
19,Yulara,-25.2406,130.9889,89.44,20,0,9.22,AU,2022-02-07 02:42:00,clear sky
20,Zinder,13.8072,8.9881,58.91,14,0,11.25,NE,2022-02-07 02:50:49,clear sky
21,Luganville,-15.5333,167.1667,85.08,74,100,8.52,VU,2022-02-07 02:50:49,overcast clouds
22,Carnarvon,-24.8667,113.6333,78.87,36,6,21.85,AU,2022-02-07 02:43:47,clear sky
23,Bavly,54.393,53.2602,10.8,97,100,3.29,RU,2022-02-07 02:50:50,overcast clouds
24,Tukrah,32.5341,20.5791,55.51,72,82,9.37,LY,2022-02-07 02:50:51,broken clouds
25,Kapaa,22.0752,-159.319,80.58,72,40,1.01,US,2022-02-07 02:43:48,scattered clouds
26,Ambilobe,-13.2,49.05,72.45,94,27,1.07,MG,2022-02-07 02:50:51,scattered clouds
27,Kodiak,57.79,-152.4072,36.91,48,100,5.75,US,2022-02-07 02:50:52,overcast clouds
28,Miranda,3.2499,-76.2281,68.13,96,100,1.54,CO,2022-02-07 02:45:57,overcast clouds
29,South Lake Tahoe,38.9332,-119.9844,41.65,58,0,0.0,US,2022-02-07 02:50:53,clear sky
30,Stykkisholmur,65.0757,-22.7297,29.37,84,100,38.65,IS,2022-02-07 02:50:53,snow
31,Iqaluit,63.7506,-68.5145,-38.31,65,0,2.3,CA,2022-02-07 02:43:51,clear sky
32,Ponta Delgada,37.7333,-25.6667,60.49,77,75,11.5,PT,2022-02-07 02:46:44,broken clouds
33,Atuona,-9.8,-139.0333,78.8,77,12,17.09,PF,2022-02-07 02:39:00,few clouds
34,Mosquera,4.7059,-74.2302,55.49,88,75,5.75,CO,2022-02-07 02:43:52,broken clouds
35,Ormara,25.2088,64.6357,70.47,83,15,5.79,PK,2022-02-07 02:50:54,few clouds
36,Rabo De Peixe,37.8,-25.5833,59.27,95,75,11.5,PT,2022-02-07 02:43:53,broken clouds
37,Savannah Bight,16.45,-85.85,78.87,63,5,9.31,HN,2022-02-07 02:50:55,clear sky
38,Longyearbyen,78.2186,15.6401,19.24,68,0,5.75,SJ,2022-02-07 02:43:54,clear sky
39,Saint-Francois,46.4154,3.9054,48.67,92,100,16.11,FR,2022-02-07 02:43:55,overcast clouds
40,Chara,56.9064,118.2631,0.77,79,68,1.41,RU,2022-02-07 02:50:56,broken clouds
41,Mar Del Plata,-38.0023,-57.5575,65.08,81,40,5.01,AR,2022-02-07 02:39:10,scattered clouds
42,Shelburne,44.0787,-80.2041,27.05,71,100,15.41,CA,2022-02-07 02:50:57,overcast clouds
43,Brive-La-Gaillarde,45.25,1.5,48.83,71,100,7.67,FR,2022-02-07 02:51:57,overcast clouds
44,Ushuaia,-54.8,-68.3,60.46,67,75,12.66,AR,2022-02-07 02:39:01,broken clouds
45,San Rafael Del Sur,11.8485,-86.4384,77.97,54,0,15.03,NI,2022-02-07 02:51:58,clear sky
46,Prince Rupert,54.3161,-130.3201,44.69,81,100,16.11,CA,2022-02-07 02:51:58,overcast clouds
47,Camacha,33.0833,-16.3333,59.76,67,75,14.97,PT,2022-02-07 02:51:59,broken clouds
48,Pampierstad,-27.7832,24.6877,65.55,69,4,2.91,ZA,2022-02-07 02:51:59,clear sky
49,Bako,5.7833,36.5667,66.76,36,18,3.53,ET,2022-02-07 02:52:00,few clouds
50,Gamba,-2.65,10.0,76.21,93,16,5.19,GA,2022-02-07 02:52:00,few clouds
51,Klaksvik,62.2266,-6.589,32.92,50,100,15.43,FO,2022-02-07 02:44:59,overcast clouds
52,Sioux Lookout,50.1001,-91.917,5.38,84,0,2.3,CA,2022-02-07 02:42:44,clear sky
53,Upernavik,72.7868,-56.1549,-14.49,100,100,8.41,GL,2022-02-07 02:43:23,overcast clouds
54,Moussoro,13.6408,16.4901,61.93,14,0,13.49,TD,2022-02-07 02:52:02,clear sky
55,Bumba,2.1833,22.4667,67.39,37,100,2.42,CD,2022-02-07 02:52:02,overcast clouds
56,Wundanyi,-3.4019,38.364,63.48,83,100,1.88,KE,2022-02-07 02:52:02,overcast clouds
57,Carmelo,-33.9892,-58.2856,66.16,75,0,8.9,UY,2022-02-07 02:52:03,clear sky
58,Morwa,22.9,73.8333,64.9,38,0,1.41,IN,2022-02-07 02:52:04,clear sky
59,Guru Har Sahai,30.7167,74.4167,52.47,71,4,3.67,IN,2022-02-07 02:52:04,clear sky
60,Timizart,36.8,4.2667,45.68,89,6,3.24,DZ,2022-02-07 02:52:05,clear sky
61,Hilo,19.7297,-155.09,74.93,78,100,8.05,US,2022-02-07 02:40:59,light rain
62,Voyvozh,62.892,54.9635,12.2,89,100,8.46,RU,2022-02-07 02:52:05,overcast clouds
63,Thompson,55.7435,-97.8558,-7.44,71,100,5.75,CA,2022-02-07 02:42:04,overcast clouds
64,Bilibino,68.0546,166.4372,-10.97,78,18,4.03,RU,2022-02-07 02:52:06,few clouds
65,Mangrol,21.1167,70.1167,64.15,72,5,7.0,IN,2022-02-07 02:52:07,clear sky
66,Cockburn Town,21.4612,-71.1419,76.01,75,0,16.91,TC,2022-02-07 02:45:03,clear sky
67,Bengkulu,-3.8004,102.2655,81.64,70,99,10.8,ID,2022-02-07 02:40:23,overcast clouds
68,Saint-Augustin,51.226,-58.6502,-24.81,92,18,4.99,CA,2022-02-07 02:52:07,few clouds
69,Cape Town,-33.9258,18.4232,64.27,88,75,1.01,ZA,2022-02-07 02:42:03,broken clouds
70,Songjianghe,42.1859,127.479,15.53,65,87,7.78,CN,2022-02-07 02:52:08,overcast clouds
71,Harriston,43.9001,-80.883,26.4,72,100,9.22,CA,2022-02-07 02:52:09,overcast clouds
72,Hobart,-42.8794,147.3294,78.22,44,20,1.01,AU,2022-02-07 02:40:18,few clouds
73,Jumla,29.2747,82.1838,43.68,38,92,1.03,NP,2022-02-07 02:45:06,overcast clouds
74,Harfleur,49.5066,0.1983,47.35,68,0,19.57,FR,2022-02-07 02:52:10,clear sky
75,Mpanda,-6.3655,31.0409,64.26,97,100,2.51,TZ,2022-02-07 02:52:11,light rain
76,Cherskiy,68.75,161.3,-27.85,100,25,1.28,RU,2022-02-07 02:45:11,scattered clouds
77,Arman,59.7,150.1667,17.02,73,72,6.35,RU,2022-02-07 02:52:11,broken clouds
78,Villa Rica,33.7321,-84.9191,45.34,70,27,4.7,US,2022-02-07 02:52:12,scattered clouds
79,Saguing,6.9803,125.0781,81.79,55,54,1.57,PH,2022-02-07 02:52:12,broken clouds
80,Vila Franca Do Campo,37.7167,-25.4333,60.19,81,27,12.46,PT,2022-02-07 02:51:41,scattered clouds
81,Poum,-20.2333,164.0167,81.54,86,100,25.52,NC,2022-02-07 02:52:13,overcast clouds
82,Jamestown,42.097,-79.2353,29.79,45,0,10.36,US,2022-02-07 02:44:48,clear sky
83,Acapulco,16.8634,-99.8901,80.42,74,0,9.22,MX,2022-02-07 02:44:39,clear sky
84,Karasburg,-28.0167,18.75,74.28,51,100,7.72,NA,2022-02-07 02:52:14,overcast clouds
85,Monte Alegre De Minas,-18.8706,-48.8808,70.45,93,100,5.46,BR,2022-02-07 02:52:14,light rain
86,Santiago,-33.4569,-70.6483,75.29,42,0,13.8,CL,2022-02-07 02:47:16,clear sky
87,Port Elizabeth,-33.918,25.5701,64.69,94,0,3.44,ZA,2022-02-07 02:52:15,clear sky
88,Mufulira,-12.5498,28.2407,62.67,99,100,3.6,ZM,2022-02-07 02:53:16,light rain
89,Berbera,10.4396,45.0143,76.15,80,83,3.36,SO,2022-02-07 02:53:16,light rain
90,Palamos,41.8484,3.1291,47.68,53,53,4.0,ES,2022-02-07 02:53:16,broken clouds
91,Gat,31.61,34.7642,54.39,100,6,6.8,IL,2022-02-07 02:53:17,clear sky
92,Cabo San Lucas,22.8909,-109.9124,65.5,68,0,4.21,MX,2022-02-07 02:49:47,clear sky
93,Touros,-5.1989,-35.4608,79.7,76,19,8.86,BR,2022-02-07 02:52:32,few clouds
94,Sibolga,1.7427,98.7792,84.6,63,75,1.54,ID,2022-02-07 02:53:18,broken clouds
95,Bubaque,11.2833,-15.8333,76.44,70,6,7.78,GW,2022-02-07 02:53:18,clear sky
96,Mehriz,31.5917,54.4318,32.5,33,0,1.97,IR,2022-02-07 02:53:19,clear sky
97,Minab,27.1467,57.0801,59.32,82,20,2.3,IR,2022-02-07 02:53:19,few clouds
98,Nikolskoye,59.7035,30.7861,36.88,97,100,6.98,RU,2022-02-07 02:46:21,light snow
99,Fargo,46.8772,-96.7898,-3.96,79,0,0.0,US,2022-02-07 02:53:20,clear sky
100,Atar,20.5169,-13.0499,69.08,11,0,5.88,MR,2022-02-07 02:46:22,clear sky
101,Santa Cruz Del Norte,23.1539,-81.9236,71.73,81,25,11.61,CU,2022-02-07 02:53:21,scattered clouds
102,Pahrump,36.2083,-115.9839,57.06,20,0,1.99,US,2022-02-07 02:53:22,clear sky
103,Chingirlau,51.095,54.0814,17.62,96,100,8.03,KZ,2022-02-07 02:53:22,light snow
104,San Vicente,-26.6167,-54.1333,58.8,63,0,2.82,AR,2022-02-07 02:53:23,clear sky
105,Sao Joao Da Ponte,-15.9292,-44.0078,63.93,98,97,0.4,BR,2022-02-07 02:53:24,overcast clouds
106,Praya,14.9215,-23.5087,68.54,83,0,12.66,CV,2022-02-07 02:53:24,clear sky
107,Erzin,36.9559,36.2,38.12,73,0,3.89,TR,2022-02-07 02:53:24,clear sky
108,Coihaique,-45.5752,-72.0662,68.61,63,0,3.44,CL,2022-02-07 02:46:25,clear sky
109,Mandalgovi,45.7625,106.2708,11.89,49,7,3.18,MN,2022-02-07 02:53:25,clear sky
110,Fuxin,42.0156,121.6589,23.72,40,35,4.41,CN,2022-02-07 02:53:26,scattered clouds
111,Murgab,37.4966,61.9714,39.07,87,100,4.61,TM,2022-02-07 02:53:26,light intensity shower rain
112,Gandajika,-6.75,23.95,65.41,98,100,2.35,CD,2022-02-07 02:53:27,light rain
113,Bra,44.703,7.8556,48.09,84,3,5.28,IT,2022-02-07 02:53:27,clear sky
114,Eslamshahr,35.5605,51.2346,38.64,52,0,16.11,IR,2022-02-07 02:53:28,clear sky
115,Leningradskiy,69.3833,178.4167,-26.57,100,63,2.82,RU,2022-02-07 02:46:28,broken clouds
116,Berlevag,70.8578,29.0864,19.9,85,60,20.71,NO,2022-02-07 02:53:29,broken clouds
117,Zyryanka,65.75,150.85,-25.89,94,23,4.43,RU,2022-02-07 02:46:28,few clouds
118,Cidreira,-30.1811,-50.2056,68.22,74,8,7.81,BR,2022-02-07 02:46:29,clear sky
119,Louga,58.7372,29.8453,32.76,98,100,6.04,RU,2022-02-07 02:53:30,overcast clouds
120,El Centro,32.792,-115.563,68.34,15,0,6.91,US,2022-02-07 02:53:30,clear sky
121,College,64.8569,-147.8028,-4.92,77,100,0.0,US,2022-02-07 02:45:29,overcast clouds
122,Porac,15.1,120.5,80.01,70,93,14.38,PH,2022-02-07 02:53:31,overcast clouds
123,Taksimo,56.3444,114.8794,0.0,93,100,0.98,RU,2022-02-07 02:53:31,overcast clouds
124,Cowra,-33.8333,148.6833,75.61,26,2,13.69,AU,2022-02-07 02:53:32,clear sky
125,Srednekolymsk,67.45,153.6833,-25.64,96,30,1.68,RU,2022-02-07 02:46:35,scattered clouds
126,Aklavik,68.2191,-135.0107,-22.97,91,100,19.39,CA,2022-02-07 02:41:54,overcast clouds
127,Saint George,37.1041,-113.5841,54.19,24,0,1.01,US,2022-02-07 02:46:27,clear sky
128,Yar-Sale,66.8333,70.8333,-8.99,99,47,9.69,RU,2022-02-07 02:43:30,scattered clouds
129,Panalingaan,8.7842,117.4231,86.18,59,100,3.58,PH,2022-02-07 02:53:33,overcast clouds
130,Veracruz,19.3333,-96.6667,62.87,86,13,2.8,MX,2022-02-07 02:52:48,few clouds
131,Ancud,-41.8697,-73.8203,58.53,89,5,2.86,CL,2022-02-07 02:46:38,clear sky
132,Ilebo,-4.3167,20.5833,69.87,98,95,1.07,CD,2022-02-07 02:55:33,overcast clouds
133,Banff,51.1762,-115.5698,42.03,98,100,4.76,CA,2022-02-07 02:55:33,overcast clouds
134,Baoma,31.4859,106.1128,37.9,91,100,7.92,CN,2022-02-07 02:55:33,overcast clouds
135,Komsomolskiy,40.4272,71.7189,38.55,87,75,4.61,UZ,2022-02-07 02:55:34,broken clouds
136,Baishishan,43.5833,127.5667,12.18,83,71,5.12,CN,2022-02-07 02:55:34,broken clouds
137,Quatre Cocos,-20.2078,57.7625,77.11,82,100,10.0,MU,2022-02-07 02:55:07,light rain
138,Severomuysk,56.1481,113.4267,-1.97,94,99,2.91,RU,2022-02-07 02:55:35,overcast clouds
139,Emerald,-23.5333,148.1667,84.34,39,0,8.05,AU,2022-02-07 02:55:35,clear sky
140,Cotonou,6.3654,2.4183,78.26,84,68,5.61,BJ,2022-02-07 02:55:24,broken clouds
141,Morondava,-20.2833,44.2833,80.4,84,100,24.65,MG,2022-02-07 02:55:36,moderate rain
142,Bethel,41.3712,-73.414,28.65,83,28,1.81,US,2022-02-07 02:55:37,scattered clouds
143,Bozoum,6.3193,16.3799,64.49,28,4,2.21,CF,2022-02-07 02:55:37,clear sky
144,Beberibe,-4.1797,-38.1306,78.84,81,5,7.11,BR,2022-02-07 02:55:37,clear sky
145,Roald,62.5833,6.1333,39.9,81,75,12.66,NO,2022-02-07 02:50:58,light rain
146,East London,-33.0153,27.9116,71.38,82,100,7.52,ZA,2022-02-07 02:52:10,overcast clouds
147,Qui Nhon,13.7667,109.2333,76.62,80,69,6.73,VN,2022-02-07 02:55:38,broken clouds
148,Huarmey,-10.0681,-78.1522,71.37,78,100,6.38,PE,2022-02-07 02:53:54,overcast clouds
149,Kenai,60.5544,-151.2583,28.09,95,100,0.0,US,2022-02-07 02:55:39,light snow
150,Novikovo,51.1537,37.8879,25.92,97,100,8.5,RU,2022-02-07 02:55:39,snow
151,Rehoboth,-23.3167,17.0833,65.82,78,100,17.02,NA,2022-02-07 02:55:40,light rain
152,Sungaipenuh,-2.0833,101.3833,73.69,64,100,4.81,ID,2022-02-07 02:55:40,moderate rain
153,Whitehorse,60.7161,-135.0538,32.77,80,75,16.11,CA,2022-02-07 02:54:55,broken clouds
154,Nevelsk,46.6733,141.8633,21.63,72,100,16.84,RU,2022-02-07 02:55:41,overcast clouds
155,Ruteng,-8.6136,120.4721,74.55,68,19,1.95,ID,2022-02-07 02:55:42,few clouds
156,Ketchikan,55.3422,-131.6461,46.38,87,100,12.66,US,2022-02-07 02:55:42,heavy intensity rain
157,Neiafu,-18.65,-173.9833,75.88,83,100,9.22,TO,2022-02-07 02:55:42,overcast clouds
158,Mataura,-46.1927,168.8643,60.48,34,8,2.75,NZ,2022-02-07 02:55:43,clear sky
159,Pevek,69.7008,170.3133,-23.37,98,27,0.92,RU,2022-02-07 02:52:13,scattered clouds
160,Morgan City,29.6994,-91.2068,44.01,81,0,3.44,US,2022-02-07 02:52:51,clear sky
161,Buraydah,26.326,43.975,45.05,48,0,5.93,SA,2022-02-07 02:55:44,clear sky
162,Avera,33.194,-82.5271,41.72,54,99,6.71,US,2022-02-07 02:55:44,light rain
163,Bredasdorp,-34.5322,20.0403,65.28,88,13,5.75,ZA,2022-02-07 02:55:45,few clouds
164,Zaranj,30.9667,61.8833,39.16,43,0,4.81,AF,2022-02-07 02:55:45,clear sky
165,Sereflikochisar,38.9393,33.5386,24.22,95,78,7.34,TR,2022-02-07 02:55:46,broken clouds
166,Fortuna,40.5982,-124.1573,49.19,94,0,0.0,US,2022-02-07 02:52:51,clear sky
167,Torbay,47.6666,-52.7314,13.57,75,75,16.11,CA,2022-02-07 02:55:46,broken clouds
168,Mount Isa,-20.7333,139.5,91.17,38,9,11.5,AU,2022-02-07 02:55:47,clear sky
169,Adre,13.4667,22.2,56.25,22,0,15.77,TD,2022-02-07 02:55:47,clear sky
170,Khatanga,71.9667,102.5,-17.07,98,99,9.6,RU,2022-02-07 02:55:48,overcast clouds
171,Mineros,-17.1167,-63.2333,76.59,95,91,1.9,BO,2022-02-07 02:55:48,overcast clouds
172,Tuktoyaktuk,69.4541,-133.0374,-27.4,68,75,12.66,CA,2022-02-07 02:52:49,broken clouds
173,Bontang,0.1333,117.5,83.84,69,100,12.35,ID,2022-02-07 02:55:49,overcast clouds
174,Naze,28.3667,129.4833,56.32,59,100,4.76,JP,2022-02-07 02:52:57,light rain
175,Terme,41.2092,36.9739,39.07,66,95,4.68,TR,2022-02-07 02:55:50,overcast clouds
176,Ballater,57.0493,-3.0402,37.29,83,39,8.03,GB,2022-02-07 02:55:50,scattered clouds
177,Kangaatsiaq,68.3065,-53.4641,7.74,86,100,25.12,GL,2022-02-07 02:55:51,overcast clouds
178,Antofagasta,-23.65,-70.4,65.48,76,28,1.43,CL,2022-02-07 02:55:51,scattered clouds
179,San Carlos De Bariloche,-41.1456,-71.3082,65.25,42,0,3.44,AR,2022-02-07 02:56:52,clear sky
180,Lusaka,-15.4067,28.2871,58.57,95,52,4.7,ZM,2022-02-07 02:56:52,broken clouds
181,Praia,14.9215,-23.5087,68.54,83,0,12.66,CV,2022-02-07 02:56:53,clear sky
182,Nanortalik,60.1432,-45.2371,17.42,62,100,46.19,GL,2022-02-07 02:56:53,overcast clouds
183,Fernandina Beach,30.6697,-81.4626,52.05,100,100,13.8,US,2022-02-07 02:56:53,mist
184,Umm Lajj,25.0213,37.2685,65.23,35,0,15.35,SA,2022-02-07 02:56:54,clear sky
185,Mering,48.2656,10.9846,37.27,93,100,14.97,DE,2022-02-07 02:56:54,light snow
186,Vorukh,39.8494,70.5838,26.94,79,44,6.62,TJ,2022-02-07 02:56:55,scattered clouds
187,Virginia Beach,36.8529,-75.978,40.01,79,100,1.01,US,2022-02-07 02:55:03,overcast clouds
188,Pemangkat,1.1667,108.9667,79.65,84,100,4.76,ID,2022-02-07 02:56:56,overcast clouds
189,Barrow,71.2906,-156.7887,-27.38,68,0,12.66,US,2022-02-07 02:52:15,clear sky
190,Margate,51.3813,1.3862,41.88,69,5,10.0,GB,2022-02-07 02:53:15,clear sky
191,Port Moresby,-9.4431,147.1797,87.22,70,40,11.5,PG,2022-02-07 02:56:56,haze
192,Kushima,31.4583,131.2333,46.44,42,98,2.66,JP,2022-02-07 02:56:57,overcast clouds
193,Los Llanos De Aridane,28.6585,-17.9182,62.35,74,75,21.99,ES,2022-02-07 02:54:48,broken clouds
194,Acarau,-2.8856,-40.12,78.48,80,1,11.3,BR,2022-02-07 02:54:39,clear sky
195,Mahasamund,21.1,82.1,59.27,26,25,0.29,IN,2022-02-07 02:56:58,scattered clouds
196,Nouakchott,18.0858,-15.9785,64.33,51,36,9.37,MR,2022-02-07 02:56:58,scattered clouds
197,Roros,62.5747,11.3842,28.24,86,100,13.8,NO,2022-02-07 02:56:59,heavy shower snow
198,Llanes,43.4198,-4.7549,43.27,65,53,7.31,ES,2022-02-07 02:55:25,broken clouds
199,Comodoro Rivadavia,-45.8667,-67.5,62.46,59,0,2.3,AR,2022-02-07 02:56:59,clear sky
200,Dengzhou,37.8086,120.7508,35.58,50,100,6.11,CN,2022-02-07 02:57:00,overcast clouds
201,Salamina,37.9643,23.4965,54.99,86,20,2.3,GR,2022-02-07 02:57:00,few clouds
202,Tiksi,71.6872,128.8694,-17.37,98,100,6.26,RU,2022-02-07 02:56:52,overcast clouds
203,Lavrentiya,65.5833,-171.0,-15.63,95,56,5.19,RU,2022-02-07 02:53:59,broken clouds
204,Mumford,5.2618,-0.759,79.09,86,94,6.93,GH,2022-02-07 02:57:01,overcast clouds
205,Labuhan,-6.8844,112.2051,81.77,81,100,16.89,ID,2022-02-07 02:57:02,overcast clouds
206,Marzuq,14.4,46.4667,57.18,51,100,2.51,YE,2022-02-07 02:57:02,overcast clouds
207,Gumla,23.05,84.55,61.14,25,2,2.75,IN,2022-02-07 02:57:02,clear sky
208,Chuy,-33.6971,-53.4616,63.79,74,41,15.66,UY,2022-02-07 02:57:03,scattered clouds
209,Tual,-5.6667,132.75,83.21,70,33,2.66,ID,2022-02-07 02:57:04,scattered clouds
210,Ewa Beach,21.3156,-158.0072,77.02,67,0,17.92,US,2022-02-07 02:57:04,clear sky
211,Sindgi,16.9167,76.2333,73.89,52,75,9.66,IN,2022-02-07 02:57:04,broken clouds
212,San Patricio,28.017,-97.5169,57.06,83,100,9.93,US,2022-02-07 02:57:05,overcast clouds
213,Laramie,41.3114,-105.5911,23.09,83,1,5.77,US,2022-02-07 02:54:34,clear sky
214,Karpogory,64.0019,44.4451,10.04,94,100,7.87,RU,2022-02-07 02:57:06,overcast clouds
215,Soyo,-6.1349,12.3689,76.12,88,89,6.26,AO,2022-02-07 02:57:06,overcast clouds
216,Albany,42.6001,-73.9662,21.31,75,10,4.18,US,2022-02-07 02:57:06,clear sky
217,Noshiro,40.2039,140.0242,32.94,76,100,21.05,JP,2022-02-07 02:57:07,light snow
218,Pauini,-7.7136,-66.9764,74.73,93,100,1.23,BR,2022-02-07 02:57:07,overcast clouds
219,San Quintin,30.4833,-115.95,58.3,49,0,4.7,MX,2022-02-07 02:57:08,clear sky
220,Khandyga,62.6667,135.6,-22.02,89,90,1.07,RU,2022-02-07 02:57:09,overcast clouds
221,Lebu,-37.6167,-73.65,59.22,92,3,15.41,CL,2022-02-07 02:56:11,clear sky
222,Port Lincoln,-34.7333,135.8667,79.56,48,0,18.32,AU,2022-02-07 02:57:09,clear sky
223,Esperance,-33.8667,121.9,73.24,53,18,28.1,AU,2022-02-07 02:53:50,few clouds
224,Bluff,-46.6,168.3333,60.8,66,0,13.38,NZ,2022-02-07 02:56:17,clear sky
225,Dickinson,29.4608,-95.0513,52.95,81,86,3.0,US,2022-02-07 02:55:06,overcast clouds
226,Ondangwa,-17.9167,15.95,68.0,94,99,1.14,NA,2022-02-07 02:58:10,overcast clouds
227,Hearst,49.6835,-83.6665,3.45,96,100,7.36,CA,2022-02-07 02:58:11,overcast clouds
228,Tomatlan,19.9333,-105.25,67.48,83,100,1.54,MX,2022-02-07 02:57:27,overcast clouds
229,Arraial Do Cabo,-22.9661,-42.0278,75.36,92,0,18.75,BR,2022-02-07 02:58:12,clear sky
230,Pangnirtung,66.1451,-65.7125,-38.09,96,100,4.47,CA,2022-02-07 02:58:12,overcast clouds
231,The Valley,18.217,-63.0578,77.09,73,84,23.02,AI,2022-02-07 02:58:13,broken clouds
232,Grindavik,63.8424,-22.4338,32.47,100,100,48.34,IS,2022-02-07 02:58:13,heavy snow
233,Flinders,-34.5833,150.8552,74.48,70,44,7.0,AU,2022-02-07 02:58:14,scattered clouds
234,Vila,42.0304,-8.1588,39.33,81,48,5.37,PT,2022-02-07 02:55:49,scattered clouds
235,Punta Arenas,-53.15,-70.9167,53.71,82,75,6.91,CL,2022-02-07 02:57:47,broken clouds
236,Lake Havasu City,34.4839,-114.3224,66.2,13,20,3.0,US,2022-02-07 02:58:14,few clouds
237,Lorengau,-2.0226,147.2712,83.64,76,99,7.54,PG,2022-02-07 02:56:50,overcast clouds
238,Otkaznoye,44.3264,43.8608,23.04,83,75,6.13,RU,2022-02-07 02:58:15,broken clouds
239,Kardamaina,36.7814,27.1425,33.75,54,9,3.29,GR,2022-02-07 02:58:16,clear sky
240,Samarai,-10.6167,150.6667,85.35,70,88,11.61,PG,2022-02-07 02:58:16,overcast clouds
241,Riyadh,24.6877,46.7219,46.54,46,0,4.25,SA,2022-02-07 02:55:00,clear sky
242,Sept-Iles,50.2001,-66.3821,4.05,80,100,6.91,CA,2022-02-07 02:58:17,overcast clouds
243,San Pablo,14.0669,121.3258,82.92,70,99,10.65,PH,2022-02-07 02:58:17,overcast clouds
244,Sao Filipe,14.8961,-24.4956,72.48,75,1,5.97,CV,2022-02-07 02:58:18,clear sky
245,Ossora,59.2353,163.0719,12.24,85,100,11.52,RU,2022-02-07 02:58:18,overcast clouds
246,Namibe,-15.1961,12.1522,72.28,70,95,7.43,AO,2022-02-07 02:58:19,overcast clouds
247,Puerto Maldonado,-12.6,-69.1833,70.93,98,98,5.48,PE,2022-02-07 02:58:19,overcast clouds
248,Mao,39.8885,4.2658,46.96,93,0,5.75,ES,2022-02-07 02:58:20,clear sky
249,Ostersund,63.1792,14.6357,23.61,100,75,4.61,SE,2022-02-07 02:58:20,broken clouds
250,Nizhniy Odes,63.6445,54.856,12.63,90,100,9.51,RU,2022-02-07 02:58:20,overcast clouds
251,Noumea,-22.2763,166.4572,78.78,83,81,15.1,NC,2022-02-07 02:58:21,light rain
252,Sparta,43.9441,-90.8129,23.41,77,96,11.61,US,2022-02-07 02:58:21,overcast clouds
253,Bundaberg,-24.85,152.35,71.89,83,100,13.8,AU,2022-02-07 02:58:22,overcast clouds
254,Broome,42.2506,-75.833,23.9,68,4,1.01,US,2022-02-07 02:55:33,clear sky
255,Qena,26.1615,32.7183,50.11,50,0,4.03,EG,2022-02-07 02:58:22,clear sky
256,Itarema,-2.9248,-39.9167,78.8,78,2,11.07,BR,2022-02-07 02:58:23,clear sky
257,Chumikan,54.7183,135.315,-1.1,80,16,13.96,RU,2022-02-07 02:57:03,few clouds
258,Hofn,64.2539,-15.2082,31.5,76,100,17.96,IS,2022-02-07 02:58:23,light snow
259,Buala,-8.145,159.5921,86.63,71,97,12.3,SB,2022-02-07 02:58:24,light rain
260,Manokwari,-0.8667,134.0833,83.01,68,99,5.59,ID,2022-02-07 02:58:24,overcast clouds
261,Hovd,48.0056,91.6419,-9.71,72,10,0.69,MN,2022-02-07 02:58:25,clear sky
262,Rikitea,-23.1203,-134.9692,79.02,72,16,18.75,PF,2022-02-07 02:58:26,few clouds
263,Shirokiy,49.758,129.523,0.97,90,100,2.24,RU,2022-02-07 02:58:26,overcast clouds
264,Mahebourg,-20.4081,57.7,77.29,94,75,3.44,MU,2022-02-07 02:58:02,broken clouds
265,Tiznit,29.5833,-9.5,60.64,22,4,6.98,MA,2022-02-07 02:58:27,clear sky
266,Kysyl-Syr,63.8986,122.7617,-22.65,96,96,7.11,RU,2022-02-07 02:54:50,overcast clouds
267,Bilma,18.6853,12.9164,56.57,18,0,7.92,NE,2022-02-07 02:58:28,clear sky
268,Vanimo,-2.6741,141.3028,82.27,79,100,4.63,PG,2022-02-07 02:58:05,overcast clouds
269,Verkh-Chebula,56.0308,87.6218,5.85,85,24,6.55,RU,2022-02-07 02:58:28,few clouds
270,Vostok,46.4856,135.8833,6.49,83,99,5.86,RU,2022-02-07 02:54:12,overcast clouds
271,Goundam,16.4145,-3.6708,63.16,14,0,9.19,ML,2022-02-07 02:58:29,clear sky
272,Vakhsh,37.7149,68.8346,37.62,100,40,2.24,TJ,2022-02-07 02:59:30,mist
273,Olafsvik,64.8945,-23.7142,29.12,92,100,37.27,IS,2022-02-07 02:54:58,heavy snow
274,Coquimbo,-29.9533,-71.3436,64.13,82,100,3.44,CL,2022-02-07 02:58:01,overcast clouds
275,Ribeira Grande,38.5167,-28.7,61.07,83,9,16.02,PT,2022-02-07 02:58:08,clear sky
276,Husavik,66.0449,-17.3389,24.71,85,100,14.5,IS,2022-02-07 02:57:06,overcast clouds
277,Svatove,49.4103,38.1503,20.88,94,50,7.52,UA,2022-02-07 02:59:31,scattered clouds
278,Nizhniy Kuranakh,58.8353,125.4869,0.82,95,100,0.22,RU,2022-02-07 02:59:31,light snow
279,Salisbury,51.0693,-1.7957,41.52,81,7,9.26,GB,2022-02-07 02:59:32,clear sky
280,Dosso,13.049,3.1937,65.8,16,0,10.6,NE,2022-02-07 02:59:33,clear sky
281,Puri,19.8,85.85,66.72,55,94,4.14,IN,2022-02-07 02:59:33,overcast clouds
282,Teseney,15.11,36.6575,60.93,60,2,7.96,ER,2022-02-07 02:59:34,clear sky
283,Arlit,18.7369,7.3853,61.18,13,0,8.7,NE,2022-02-07 02:59:34,clear sky
284,Talara,-4.5772,-81.2719,71.67,83,53,10.92,PE,2022-02-07 02:59:34,broken clouds
285,Auki,-8.7676,160.7034,84.31,79,100,11.12,SB,2022-02-07 02:59:35,moderate rain
286,Slavutych,51.5196,30.7343,29.17,95,100,10.36,UA,2022-02-07 02:59:35,overcast clouds
287,Banepa,27.6298,85.5214,44.92,100,40,0.0,NP,2022-02-07 02:59:36,mist
288,Tessalit,20.1986,1.0114,59.61,16,0,5.95,ML,2022-02-07 02:55:20,clear sky
289,Sambava,-14.2667,50.1667,74.34,86,49,4.03,MG,2022-02-07 02:59:28,scattered clouds
290,Oktyabrskiy,54.4815,53.471,11.68,97,100,3.36,RU,2022-02-07 02:59:37,overcast clouds
291,Kaitangata,-46.2817,169.8464,59.94,80,52,8.32,NZ,2022-02-07 02:59:19,broken clouds
292,Anito,12.4497,125.2886,81.68,76,55,14.07,PH,2022-02-07 02:59:37,broken clouds
293,Kamaishi,39.2667,141.8833,31.15,54,93,15.59,JP,2022-02-07 02:59:38,overcast clouds
294,Kununurra,-15.7667,128.7333,87.78,70,100,3.44,AU,2022-02-07 02:59:38,overcast clouds
295,Wakkanai,45.4094,141.6739,26.58,74,75,19.57,JP,2022-02-07 02:59:39,broken clouds
296,Shimoda,34.6667,138.95,46.76,84,97,1.5,JP,2022-02-07 02:59:39,overcast clouds
297,Kasama,-10.2129,31.1808,59.94,95,100,3.15,ZM,2022-02-07 02:59:40,overcast clouds
298,Westport,41.1415,-73.3579,32.81,77,100,4.0,US,2022-02-07 02:59:34,overcast clouds
299,Port Augusta,-32.5,137.7667,92.71,17,13,14.92,AU,2022-02-07 02:58:13,few clouds
300,Osypenko,46.9136,36.8253,31.84,90,84,9.28,UA,2022-02-07 02:59:40,broken clouds
301,Nalut,30.3333,10.85,52.93,25,95,9.33,LY,2022-02-07 02:59:41,overcast clouds
302,Inuvik,68.3499,-133.7218,-22.94,72,75,12.66,CA,2022-02-07 02:59:41,light snow
303,Fort Nelson,58.8053,-122.7002,18.99,100,40,3.44,CA,2022-02-07 02:59:42,scattered clouds
304,Pisco,-13.7,-76.2167,67.01,94,40,5.75,PE,2022-02-07 02:57:24,scattered clouds
305,Wanaka,-44.7,169.15,71.11,46,100,4.0,NZ,2022-02-07 02:59:42,overcast clouds
306,Haines Junction,60.7522,-137.5108,39.15,41,32,14.97,CA,2022-02-07 02:59:43,scattered clouds
307,Tuburan,6.6439,122.2736,86.09,73,99,10.56,PH,2022-02-07 02:59:43,overcast clouds
308,Along,28.1667,94.7667,56.77,72,33,0.63,IN,2022-02-07 02:59:44,scattered clouds
309,Sao Joao Da Barra,-21.6403,-41.0511,76.17,88,2,18.68,BR,2022-02-07 02:59:44,clear sky
310,Clarence Town,-32.5833,151.7833,76.98,48,63,11.12,AU,2022-02-07 02:59:45,broken clouds
311,Verkhoyansk,67.5447,133.385,-29.25,95,100,1.34,RU,2022-02-07 02:59:45,overcast clouds
312,Geraldton,-28.7667,114.6,77.41,33,40,14.97,AU,2022-02-07 02:59:46,scattered clouds
313,Campbell River,50.0163,-125.2446,40.44,93,75,0.0,CA,2022-02-07 02:56:35,broken clouds
314,Puerto Ayora,-0.7393,-90.3518,73.54,93,20,3.0,EC,2022-02-07 02:59:34,few clouds
315,Sumter,28.7086,-82.0831,59.38,88,100,6.49,US,2022-02-07 02:59:47,overcast clouds
316,Conde,-7.2597,-34.9075,78.26,78,20,4.61,BR,2022-02-07 02:59:47,few clouds
317,Maarianhamina,60.0973,19.9348,26.46,100,0,2.3,AX,2022-02-07 02:59:47,clear sky
318,Staryy Nadym,65.6118,72.6842,-14.82,100,98,8.88,RU,2022-02-07 02:59:48,overcast clouds
319,Saint Anthony,45.0205,-93.218,10.92,70,0,3.0,US,2022-02-07 02:57:33,clear sky
320,Anadyr,64.75,177.4833,-14.3,84,0,11.18,RU,2022-02-07 02:56:48,clear sky
321,Paraiso,9.8383,-83.8656,62.42,97,67,3.6,CR,2022-02-07 03:00:51,broken clouds
322,Porto Seguro,-16.4497,-39.0647,77.52,94,20,2.3,BR,2022-02-07 02:55:52,few clouds
323,New Norfolk,-42.7826,147.0587,77.88,29,0,3.0,AU,2022-02-07 03:00:53,clear sky
324,Potiskum,11.7091,11.0694,60.57,19,0,9.51,NG,2022-02-07 03:00:54,clear sky
325,Korla,41.7597,86.1469,25.38,43,57,3.33,CN,2022-02-07 03:00:55,broken clouds
326,Homa Bay,-0.5273,34.4571,67.75,72,72,3.76,KE,2022-02-07 03:00:56,broken clouds
327,Banda Aceh,5.5577,95.3222,77.9,86,100,7.38,ID,2022-02-07 03:00:57,overcast clouds
328,Danielskuil,-28.1887,23.5395,64.44,66,0,5.19,ZA,2022-02-07 03:00:58,clear sky
329,Tuni,17.35,82.55,72.61,68,100,3.49,IN,2022-02-07 03:00:59,overcast clouds
330,Eyl,7.9803,49.8164,72.73,79,100,12.41,SO,2022-02-07 02:57:51,overcast clouds
331,Dongsheng,39.8161,109.9776,19.38,28,98,3.56,CN,2022-02-07 03:01:01,overcast clouds
332,Nelson Bay,-32.7167,152.15,77.11,58,41,4.0,AU,2022-02-07 03:01:03,scattered clouds
333,Parrita,9.5201,-84.3225,77.52,84,4,3.53,CR,2022-02-07 03:01:03,clear sky
334,Richards Bay,-28.783,32.0377,71.53,90,81,2.59,ZA,2022-02-07 02:58:55,light rain
335,Pafos,34.7667,32.4167,46.31,93,0,8.05,CY,2022-02-07 03:01:02,clear sky
336,Tautira,-17.7333,-149.15,84.22,76,72,19.98,PF,2022-02-07 03:01:05,light rain
337,Jiblah,13.9216,44.1467,54.75,69,82,2.26,YE,2022-02-07 03:01:06,broken clouds
338,Locri,38.2414,16.2623,56.25,87,7,9.91,IT,2022-02-07 03:01:06,clear sky
339,Te Anau,-45.4167,167.7167,70.7,39,26,1.39,NZ,2022-02-07 02:57:59,scattered clouds
340,Byron Bay,-28.65,153.6167,78.75,61,83,17.47,AU,2022-02-07 03:01:07,broken clouds
341,Porto Velho,-8.7619,-63.9039,73.45,94,0,2.3,BR,2022-02-07 02:58:16,moderate rain
342,Wagar,16.1525,36.2032,60.75,73,6,13.24,SD,2022-02-07 03:01:08,clear sky
343,Liepaja,56.5419,21.0367,37.45,100,100,3.44,LV,2022-02-07 03:01:08,overcast clouds
344,Castanos,26.7833,-101.4167,55.35,33,76,8.75,MX,2022-02-07 03:01:09,broken clouds
345,Qarayeri,40.7886,46.3066,36.48,60,20,11.5,AZ,2022-02-07 03:01:09,few clouds
346,Tibati,6.4667,12.6333,62.96,27,2,3.31,CM,2022-02-07 03:01:10,clear sky
347,Ulety,51.3572,112.4849,17.06,82,64,5.88,RU,2022-02-07 03:01:11,broken clouds
348,Montepulciano,43.1017,11.7868,48.09,89,80,6.22,IT,2022-02-07 03:01:11,broken clouds
349,Santa Vitoria Do Palmar,-33.5189,-53.3681,64.33,67,31,16.22,BR,2022-02-07 03:01:11,scattered clouds
350,Isangel,-19.55,169.2667,79.25,92,100,18.48,VU,2022-02-07 03:01:12,moderate rain
351,Meulaboh,4.1363,96.1285,78.46,83,100,2.55,ID,2022-02-07 03:01:12,overcast clouds
352,Dikson,73.5069,80.5464,-13.05,97,100,16.33,RU,2022-02-07 02:56:49,overcast clouds
353,Baculin,7.4525,126.5842,80.51,81,60,8.57,PH,2022-02-07 03:01:13,broken clouds
354,Gaoua,10.2992,-3.2508,72.34,18,4,4.54,BF,2022-02-07 03:01:14,clear sky
355,Cabedelo,-6.9811,-34.8339,78.78,73,0,10.18,BR,2022-02-07 03:01:14,clear sky
356,Imbituba,-28.24,-48.6703,71.62,80,46,4.99,BR,2022-02-07 03:01:14,scattered clouds
357,Bousso,10.4795,16.7117,68.25,22,4,6.87,TD,2022-02-07 03:01:15,clear sky
358,Houma,29.5958,-90.7195,46.0,69,1,3.44,US,2022-02-07 03:01:16,clear sky
359,Cabinda,-5.55,12.2,76.01,89,93,6.6,AO,2022-02-07 03:01:16,overcast clouds
360,Tunga,11.2456,124.7517,83.35,68,96,6.89,PH,2022-02-07 03:01:17,overcast clouds
361,Kharp,66.8014,65.8081,-11.83,100,99,0.6,RU,2022-02-07 03:01:18,overcast clouds
362,Luanda,-8.8368,13.2343,73.31,87,100,5.1,AO,2022-02-07 03:00:02,overcast clouds
363,Constitucion,-35.3333,-72.4167,57.79,80,0,4.09,CL,2022-02-07 03:02:02,clear sky
364,Ulaangom,49.9811,92.0667,-22.67,96,93,0.45,MN,2022-02-07 03:01:09,overcast clouds
365,Palmer,42.1584,-72.3287,21.61,80,20,0.0,US,2022-02-07 03:02:19,few clouds
366,Bolgatanga,10.7856,-0.8514,72.32,18,4,7.0,GH,2022-02-07 03:02:20,clear sky
367,Vitim,59.4511,112.5578,10.04,92,100,2.37,RU,2022-02-07 03:02:20,overcast clouds
368,Nakamura,32.9833,132.9333,50.16,38,96,5.1,JP,2022-02-07 03:02:20,overcast clouds
369,Nuuk,64.1835,-51.7216,7.88,85,100,9.22,GL,2022-02-07 03:02:21,light snow
370,Henderson,36.0397,-114.9819,60.12,25,0,6.91,US,2022-02-07 02:59:43,clear sky
371,Nurota,40.5614,65.6886,33.89,81,97,0.67,UZ,2022-02-07 03:02:22,overcast clouds
372,Bandarbeyla,9.4942,50.8122,74.34,76,99,12.12,SO,2022-02-07 03:02:22,overcast clouds
373,Mayo,38.8876,-76.5119,34.25,66,100,1.01,US,2022-02-07 03:01:52,overcast clouds
374,Kibakwe,-6.7167,36.3667,64.11,99,100,2.04,TZ,2022-02-07 03:02:23,moderate rain
375,Georgetown,5.4112,100.3354,84.13,73,20,3.44,MY,2022-02-07 03:02:23,few clouds
376,Poya,-21.35,165.15,82.44,85,95,12.68,NC,2022-02-07 03:02:24,overcast clouds
377,Sorong,-0.8833,131.25,83.64,72,100,8.41,ID,2022-02-07 02:57:30,overcast clouds
378,Plettenberg Bay,-34.0527,23.3716,69.51,62,0,4.0,ZA,2022-02-07 03:02:24,clear sky
379,Kirakira,-10.4544,161.9205,85.84,73,100,13.22,SB,2022-02-07 03:02:25,overcast clouds
380,Babylon,40.6957,-73.3257,34.0,78,100,3.0,US,2022-02-07 03:02:25,overcast clouds
381,Nokaneng,-19.6667,22.2667,66.04,75,6,5.55,BW,2022-02-07 03:02:26,clear sky
382,Hakkari,37.5833,44.1667,8.06,98,83,1.88,TR,2022-02-07 03:02:26,broken clouds
383,Kahului,20.8947,-156.47,74.97,73,33,12.77,US,2022-02-07 03:02:27,scattered clouds
384,Narsaq,60.9167,-46.05,9.0,82,100,5.57,GL,2022-02-07 02:59:34,light snow
385,Puerto Colombia,10.9878,-74.9547,78.58,81,0,25.61,CO,2022-02-07 03:02:27,clear sky
386,Nishihara,26.1842,127.7558,65.48,55,75,10.36,JP,2022-02-07 03:02:28,broken clouds
387,Lata,40.1629,-8.3327,45.05,59,28,3.98,PT,2022-02-07 02:58:12,scattered clouds
388,Nipawin,53.3668,-104.0009,15.84,86,100,9.22,CA,2022-02-07 03:02:29,overcast clouds
389,Kinango,-4.1372,39.3153,73.47,89,100,3.11,KE,2022-02-07 03:02:29,overcast clouds
390,Douglas,41.3,-96.167,33.15,58,0,0.0,US,2022-02-07 03:01:13,clear sky
391,Omaruru,-21.4333,15.9333,68.14,81,100,4.18,NA,2022-02-07 03:02:30,light rain
392,Oranjemund,-28.55,16.4333,66.07,75,6,3.06,NA,2022-02-07 03:02:30,clear sky
393,Yellowknife,62.456,-114.3525,-2.58,88,20,5.75,CA,2022-02-07 02:58:52,few clouds
394,Goderich,43.7501,-81.7165,28.2,88,100,16.46,CA,2022-02-07 03:01:51,overcast clouds
395,Road Town,18.4167,-64.6167,75.99,72,80,22.93,VG,2022-02-07 03:02:16,broken clouds
396,Jawhar,2.7809,45.5005,71.01,79,96,14.7,SO,2022-02-07 03:02:31,overcast clouds
397,Kathmandu,27.7167,85.3167,46.62,100,40,0.0,NP,2022-02-07 03:00:05,mist
398,Norman Wells,65.282,-126.8329,-11.85,97,100,10.18,CA,2022-02-07 03:02:32,light snow
399,Den Helder,52.9599,4.7593,44.58,73,10,24.0,NL,2022-02-07 03:02:33,clear sky
400,Krasnoslobodsk,48.7072,44.5714,30.02,93,75,6.71,RU,2022-02-07 03:02:33,broken clouds
401,La Plaine,15.3333,-61.25,76.91,78,95,14.97,DM,2022-02-07 03:02:34,overcast clouds
402,Mehamn,71.0357,27.8492,18.45,83,90,13.51,NO,2022-02-07 03:02:34,overcast clouds
403,Thayetmyo,19.3167,95.1833,74.53,32,95,4.0,MM,2022-02-07 03:02:35,overcast clouds
404,Sola,-13.8833,167.55,82.92,80,100,20.38,VU,2022-02-07 03:02:35,light rain
405,Alice Springs,-23.7,133.8833,87.35,27,0,5.75,AU,2022-02-07 02:57:37,clear sky
406,Nome,64.5011,-165.4064,-17.73,91,8,9.28,US,2022-02-07 03:02:36,clear sky
407,Oshawa,43.9001,-78.8496,31.75,67,100,0.0,CA,2022-02-07 02:58:48,overcast clouds
408,Busselton,-33.65,115.3333,68.09,51,70,20.04,AU,2022-02-07 03:03:36,broken clouds
409,Rafiganj,24.8167,84.65,58.64,54,0,3.94,IN,2022-02-07 03:03:37,clear sky
410,Kavieng,-2.5744,150.7967,83.66,71,55,2.68,PG,2022-02-07 02:59:28,broken clouds
411,Bathsheba,13.2167,-59.5167,77.58,83,71,18.37,BB,2022-02-07 03:01:07,broken clouds
412,Ilulissat,69.2167,-51.1,5.02,72,20,10.36,GL,2022-02-07 03:03:38,few clouds
413,Znamenskoye,57.1281,73.8282,-2.78,97,100,4.36,RU,2022-02-07 03:03:38,overcast clouds
414,Ocara,-4.4908,-38.5967,72.63,88,72,3.38,BR,2022-02-07 03:03:39,broken clouds
415,Yeppoon,-23.1333,150.7333,83.98,59,2,14.54,AU,2022-02-07 03:03:39,clear sky
416,Port Alfred,-33.5906,26.891,72.93,79,82,4.97,ZA,2022-02-07 02:59:30,broken clouds
417,Flin Flon,54.7682,-101.865,3.45,95,100,8.25,CA,2022-02-07 03:03:40,overcast clouds
418,Laguna,38.421,-121.4238,58.32,66,0,4.61,US,2022-02-07 03:03:40,clear sky
419,Port Hardy,50.6996,-127.4199,46.76,87,100,13.94,CA,2022-02-07 03:00:28,light rain
420,Kimbe,-5.5502,150.1429,85.3,72,82,7.0,PG,2022-02-07 03:03:41,light rain
421,Talaya,61.3833,152.75,-16.06,79,4,0.51,RU,2022-02-07 03:03:41,clear sky
422,Alto Araguaia,-17.3147,-53.2153,70.16,94,100,6.55,BR,2022-02-07 03:03:42,overcast clouds
423,Salto,-31.3833,-57.9667,61.88,69,0,6.33,UY,2022-02-07 03:01:26,clear sky
424,Khor,47.8861,134.9464,5.11,89,99,8.5,RU,2022-02-07 03:03:42,overcast clouds
425,Saverne,48.8333,7.25,39.81,77,95,16.67,FR,2022-02-07 03:03:43,overcast clouds
426,Tasiilaq,65.6145,-37.6368,21.36,53,100,60.31,GL,2022-02-07 03:03:43,light snow
427,Linhares,-19.3911,-40.0722,72.9,96,3,2.44,BR,2022-02-07 03:01:01,clear sky
428,Mana,5.6592,-53.7767,77.7,86,100,8.14,GF,2022-02-07 03:03:44,overcast clouds
429,Turukhansk,65.8167,87.9833,-26.21,100,55,4.09,RU,2022-02-07 03:03:44,broken clouds
430,Sitka,57.0531,-135.33,40.8,98,100,6.76,US,2022-02-07 02:59:26,light rain
431,Soubre,5.7856,-6.6083,72.3,99,87,1.52,CI,2022-02-07 03:03:45,overcast clouds
432,Pacific Grove,36.6177,-121.9166,60.57,73,0,3.0,US,2022-02-07 03:03:45,clear sky
433,Manicore,-5.8092,-61.3003,73.38,98,98,1.21,BR,2022-02-07 03:03:12,moderate rain
434,Fort-Shevchenko,44.5086,50.263,36.01,95,91,17.31,KZ,2022-02-07 03:03:46,overcast clouds
435,Troitskoye,52.9821,84.6757,1.74,97,95,4.14,RU,2022-02-07 03:03:46,overcast clouds
436,Scottsbluff,41.8666,-103.6672,36.79,60,9,10.0,US,2022-02-07 03:00:09,clear sky
437,Cairns,-16.9167,145.7667,89.29,74,75,9.22,AU,2022-02-07 03:00:09,broken clouds
438,Bereda,43.2686,-7.5406,41.0,98,61,1.95,ES,2022-02-07 02:58:57,broken clouds
439,Raya,27.5667,77.7833,54.57,65,3,4.18,IN,2022-02-07 03:03:48,clear sky
440,Scarborough,54.2797,-0.4044,36.52,79,5,1.01,GB,2022-02-07 03:00:25,clear sky
441,Sibu,2.3,111.8167,73.96,99,100,0.67,MY,2022-02-07 03:02:51,overcast clouds
442,Saint-Ambroise,48.5501,-71.3324,9.57,96,100,4.32,CA,2022-02-07 03:03:49,snow
443,Altamira,-3.2033,-52.2064,72.93,99,100,2.39,BR,2022-02-07 03:03:49,overcast clouds
444,Ancona,43.55,13.1667,52.39,63,79,14.97,IT,2022-02-07 03:03:50,broken clouds
445,Teguise,29.0605,-13.564,61.02,82,2,16.11,ES,2022-02-07 03:03:51,clear sky
446,Khani,41.9563,42.9566,24.37,87,89,5.55,GE,2022-02-07 03:03:51,overcast clouds
447,Provideniya,64.3833,-173.3,3.31,66,0,13.42,RU,2022-02-07 03:03:51,clear sky
448,Guerrero Negro,27.9769,-114.0611,60.46,55,0,8.66,MX,2022-02-07 02:59:33,clear sky
449,La Palma,33.8464,-118.0467,73.35,38,0,3.0,US,2022-02-07 03:03:52,clear sky
450,Hermanus,-34.4187,19.2345,66.79,92,66,4.25,ZA,2022-02-07 03:03:53,broken clouds
451,Castro,-24.7911,-50.0119,61.56,84,2,2.1,BR,2022-02-07 03:03:53,clear sky
452,Storforshei,66.4043,14.5233,17.55,86,96,2.08,NO,2022-02-07 03:03:53,overcast clouds
453,Rudbar,30.15,62.6,50.27,33,0,7.61,AF,2022-02-07 03:03:54,clear sky
454,Kruisfontein,-34.0033,24.7314,69.69,65,0,4.56,ZA,2022-02-07 03:03:54,clear sky
455,Puerto Del Rosario,28.5004,-13.8627,64.15,88,17,17.27,ES,2022-02-07 03:04:55,few clouds
456,Aqtobe,50.2797,57.2072,19.49,86,100,15.66,KZ,2022-02-07 03:04:56,overcast clouds
457,Kovdor,67.5662,30.4758,6.17,98,100,3.09,RU,2022-02-07 03:02:05,overcast clouds
458,Hualmay,-11.0964,-77.6139,70.59,79,100,9.15,PE,2022-02-07 03:04:56,overcast clouds
459,Ubon Ratchathani,15.1667,105.1667,81.1,48,85,1.05,TH,2022-02-07 03:04:57,overcast clouds
460,Wenatchee,47.4235,-120.3103,41.22,89,0,3.44,US,2022-02-07 03:04:57,clear sky
461,Fare,-16.7,-151.0167,81.0,74,77,19.37,PF,2022-02-07 03:04:58,light rain
462,Betare Oya,5.6,14.0833,66.06,28,39,4.54,CM,2022-02-07 03:04:59,scattered clouds
463,Jati,24.3539,68.2671,66.69,76,0,6.55,PK,2022-02-07 03:04:59,clear sky
464,Dingle,10.9995,122.6711,83.75,63,48,15.41,PH,2022-02-07 03:05:00,scattered clouds
465,Pamanukan,-6.2842,107.8106,81.72,80,100,10.36,ID,2022-02-07 03:05:00,moderate rain
466,Port Hedland,-20.3167,118.5667,82.45,83,40,3.44,AU,2022-02-07 03:04:49,light rain
467,Saint-Pierre,-21.3393,55.4781,78.44,78,0,4.61,RE,2022-02-07 03:05:01,clear sky
468,Concordia,-31.393,-58.0209,61.79,69,0,6.06,AR,2022-02-07 03:00:03,clear sky
469,Katherine,-14.4667,132.2667,88.12,62,75,3.44,AU,2022-02-07 03:05:01,broken clouds
470,Mashivka,49.4431,34.8669,25.47,94,67,11.18,UA,2022-02-07 03:05:02,broken clouds
471,Maumere,-8.6199,122.2111,85.12,71,7,6.08,ID,2022-02-07 03:05:02,clear sky
472,Christchurch,-43.5333,172.6333,69.03,66,75,5.01,NZ,2022-02-07 03:04:15,broken clouds
473,Kasongo-Lunda,-6.4667,16.8167,69.55,98,100,0.76,CD,2022-02-07 03:02:15,overcast clouds
474,Ciudad Ojeda,10.1964,-71.3082,78.3,72,26,8.21,VE,2022-02-07 03:05:03,scattered clouds
475,Varhaug,58.6147,5.6457,39.47,68,41,33.2,NO,2022-02-07 03:05:04,scattered clouds
476,Vaini,-21.2,-175.2,76.89,89,100,27.69,TO,2022-02-07 03:00:54,moderate rain
477,Erzurum,40.0,41.5,6.48,95,91,4.72,TR,2022-02-07 03:01:55,overcast clouds
478,Palanga,55.9175,21.0686,37.42,93,100,8.05,LT,2022-02-07 03:05:05,overcast clouds
479,Warwick,41.7001,-71.4162,26.49,90,97,0.85,US,2022-02-07 03:01:28,overcast clouds
480,Mananjary,-21.2167,48.3333,75.99,96,99,4.38,MG,2022-02-07 03:05:06,overcast clouds
481,Kulebaki,55.4133,42.5325,11.61,98,92,3.51,RU,2022-02-07 03:05:06,overcast clouds
482,Kaeo,-35.1,173.7833,77.32,97,99,6.44,NZ,2022-02-07 03:05:07,overcast clouds
483,Kiruna,67.8557,20.2251,16.72,93,100,4.61,SE,2022-02-07 03:05:07,overcast clouds
484,Sinnamary,5.3833,-52.95,76.87,89,100,7.92,GF,2022-02-07 03:05:08,overcast clouds
485,Bektemir,41.2097,69.3342,35.65,93,100,4.61,UZ,2022-02-07 03:05:08,overcast clouds
486,Povenets,62.8487,34.8262,18.09,94,100,13.67,RU,2022-02-07 03:05:09,snow
487,Wenling,28.3669,121.36,43.92,93,100,4.72,CN,2022-02-07 03:05:09,moderate rain
488,Talnakh,69.4865,88.3972,-28.16,98,56,0.69,RU,2022-02-07 03:03:24,broken clouds
489,Suntar,62.1444,117.6319,2.64,93,100,3.98,RU,2022-02-07 03:05:10,overcast clouds
490,Cazones,20.7167,-97.3167,57.0,82,0,6.91,MX,2022-02-07 03:05:10,clear sky
491,Padang,-0.9492,100.3543,84.25,68,100,1.23,ID,2022-02-07 03:04:41,overcast clouds
492,Saiha,22.4833,92.9667,64.72,35,8,0.81,IN,2022-02-07 03:05:11,clear sky
493,Komsomolets,53.7453,62.0708,-2.88,98,100,5.23,KZ,2022-02-07 03:05:11,overcast clouds
494,San Cristobal,7.7669,-72.225,69.98,89,46,1.23,VE,2022-02-07 03:04:18,scattered clouds
495,Bambous Virieux,-20.3428,57.7575,78.22,81,100,10.87,MU,2022-02-07 03:05:12,light rain
496,Quelimane,-17.8786,36.8883,72.54,98,99,5.91,MZ,2022-02-07 03:05:12,light rain
497,Tocopilla,-22.092,-70.1979,69.28,63,0,1.32,CL,2022-02-07 03:00:39,clear sky
498,Maragogi,-9.0122,-35.2225,79.21,73,47,6.4,BR,2022-02-07 03:05:13,scattered clouds
499,Luderitz,-26.6481,15.1594,67.19,78,40,3.09,NA,2022-02-07 03:05:13,scattered clouds
500,Denpasar,-8.65,115.2167,85.71,79,20,6.91,ID,2022-02-07 03:00:34,few clouds
501,Kitimat,54.0524,-128.6534,39.58,30,100,3.06,CA,2022-02-07 03:01:51,moderate rain
502,Dharchula,29.85,80.5333,53.58,44,7,1.88,IN,2022-02-07 03:06:14,clear sky
503,Nampula,-15.1165,39.2666,67.66,93,47,3.38,MZ,2022-02-07 03:06:15,scattered clouds
504,La Paz Centro,12.34,-86.6753,79.84,52,40,6.51,NI,2022-02-07 03:06:15,scattered clouds
505,Buchmany,51.0689,28.0421,32.76,98,100,15.26,UA,2022-02-07 03:06:16,light snow
506,Saskylakh,71.9167,114.0833,-27.18,100,93,4.09,RU,2022-02-07 03:06:16,overcast clouds
507,La Ronge,55.1001,-105.2842,12.42,85,20,5.75,CA,2022-02-07 03:06:17,few clouds
508,Estelle,29.8458,-90.1067,48.2,61,0,0.0,US,2022-02-07 03:06:17,clear sky
509,Bambanglipuro,-7.95,110.2833,85.41,67,100,5.14,ID,2022-02-07 03:06:17,overcast clouds
510,Haldwani,29.2167,79.5167,56.55,66,15,1.5,IN,2022-02-07 03:06:18,few clouds
511,Puerto Leguizamo,-0.1934,-74.7819,73.2,95,91,1.88,CO,2022-02-07 03:06:18,overcast clouds
512,Wonthaggi,-38.6044,145.5913,84.2,47,2,12.75,AU,2022-02-07 03:06:19,clear sky
513,Terney,45.0503,136.6092,17.11,52,25,7.52,RU,2022-02-07 03:02:56,scattered clouds
514,Hami,42.8,93.45,27.0,33,67,7.27,CN,2022-02-07 03:06:19,broken clouds
515,Darhan,49.4867,105.9228,3.47,82,17,6.71,MN,2022-02-07 03:04:05,few clouds
516,Fengrun,39.8333,118.1167,35.74,27,98,1.77,CN,2022-02-07 03:05:14,overcast clouds
517,Alofi,-19.0595,-169.9187,82.29,18,100,4.61,NU,2022-02-07 03:06:20,light intensity drizzle
518,Kavaratti,10.5669,72.642,77.65,67,14,6.93,IN,2022-02-07 03:06:21,few clouds
519,Rawson,-43.3002,-65.1023,63.79,49,0,18.57,AR,2022-02-07 03:03:36,clear sky
520,Ternate,0.8,127.4,82.74,72,100,7.07,ID,2022-02-07 03:02:17,overcast clouds
521,Zhangye,38.9342,100.4517,17.62,61,1,1.12,CN,2022-02-07 03:06:22,clear sky
522,Nyurba,63.2842,118.3319,-4.67,96,100,6.76,RU,2022-02-07 03:06:22,overcast clouds
523,Elizabeth City,36.2946,-76.2511,41.05,83,100,10.36,US,2022-02-07 03:06:23,overcast clouds
524,Novyy Urgal,51.0736,132.5642,-1.84,89,100,0.67,RU,2022-02-07 03:06:23,overcast clouds
525,Laukaa,58.7372,29.8453,32.76,98,100,6.04,RU,2022-02-07 03:06:24,light snow
526,Nanakuli,21.3906,-158.1547,80.55,61,20,6.91,US,2022-02-07 03:06:24,few clouds
527,Vestmanna,62.1564,-7.1664,27.52,69,20,6.91,FO,2022-02-07 03:06:25,few clouds
528,Sigli,5.3848,95.9609,78.17,83,100,1.52,ID,2022-02-07 03:06:25,overcast clouds
529,Norwich,52.6278,1.2983,38.12,73,4,12.66,GB,2022-02-07 03:02:31,clear sky
530,Poyarkovo,49.6,128.6833,3.79,89,82,0.76,RU,2022-02-07 03:06:26,broken clouds
531,Sobolevo,54.4299,31.8996,30.06,95,99,14.27,RU,2022-02-07 03:06:27,overcast clouds
532,Lagoa,39.05,-27.9833,59.56,85,7,16.49,PT,2022-02-07 03:05:43,clear sky
533,Payo,-3.7508,103.6372,82.36,67,100,3.0,ID,2022-02-07 03:06:27,overcast clouds
534,Chapais,49.7834,-74.8492,4.78,95,100,5.53,CA,2022-02-07 03:06:28,light snow
535,Chokurdakh,70.6333,147.9167,-39.73,99,79,3.85,RU,2022-02-07 03:06:28,broken clouds
536,Cayenne,4.9333,-52.3333,80.1,88,75,3.0,GF,2022-02-07 03:06:29,broken clouds
537,Abong Mbang,3.9833,13.1833,62.28,39,11,2.91,CM,2022-02-07 03:06:29,few clouds
538,Kapit,2.0167,112.9333,75.87,97,100,2.15,MY,2022-02-07 03:06:30,overcast clouds
539,Hobyo,5.3505,48.5268,75.52,72,98,17.36,SO,2022-02-07 03:03:06,overcast clouds
540,Qaanaaq,77.484,-69.3632,-11.67,59,29,7.25,GL,2022-02-07 03:06:31,scattered clouds
541,Charagua,-19.8,-63.2167,62.78,76,10,5.46,BO,2022-02-07 03:06:31,clear sky
542,Sayyan,15.1718,44.3244,48.45,55,24,2.55,YE,2022-02-07 03:06:32,few clouds
543,Dolinsk,47.35,142.8,22.86,76,68,5.57,RU,2022-02-07 03:06:32,broken clouds
544,Lethem,3.3803,-59.7968,77.29,79,99,8.97,GY,2022-02-07 03:06:33,heavy intensity rain
545,Hithadhoo,-0.6,73.0833,82.42,69,31,14.14,MV,2022-02-07 03:06:33,scattered clouds
546,Salalah,17.0151,54.0924,73.49,25,0,17.27,OM,2022-02-07 03:04:20,clear sky
547,Porteirinha,-15.7433,-43.0283,67.5,96,100,1.39,BR,2022-02-07 03:07:34,overcast clouds
548,Athabasca,54.7169,-113.2854,39.47,68,59,13.29,CA,2022-02-07 03:06:49,broken clouds
549,Saint-Philippe,-21.3585,55.7679,78.35,85,94,14.65,RE,2022-02-07 03:07:35,light rain
550,Jiuquan,39.7432,98.5174,14.16,83,100,1.92,CN,2022-02-07 03:07:35,overcast clouds
551,Souillac,-20.5167,57.5167,78.37,84,100,9.95,MU,2022-02-07 03:07:36,overcast clouds
552,Kholodnyy,62.7167,147.95,-14.8,76,8,1.14,RU,2022-02-07 03:07:36,clear sky
553,Severo-Kurilsk,50.6789,156.125,31.5,83,100,10.07,RU,2022-02-07 03:07:37,overcast clouds
554,Olenino,56.2092,33.4889,28.74,95,99,10.11,RU,2022-02-07 03:07:37,overcast clouds
555,Yablonovo,50.8523,37.3574,31.86,94,98,10.33,RU,2022-02-07 03:07:38,snow
556,Pasighat,28.0667,95.3333,61.56,62,3,1.63,IN,2022-02-07 03:07:38,clear sky
557,Shangrao,28.4532,117.9686,38.84,97,100,2.46,CN,2022-02-07 03:07:39,light rain
558,Clyde River,70.4692,-68.5914,-39.5,94,61,4.79,CA,2022-02-07 03:03:16,broken clouds
559,Airai,-8.9266,125.4092,75.2,61,29,2.35,TL,2022-02-07 03:07:40,scattered clouds
560,Severnyy,50.677,36.5532,32.04,80,40,8.95,RU,2022-02-07 03:07:40,light snow
561,Salinopolis,-0.6136,-47.3561,77.67,88,100,7.16,BR,2022-02-07 03:07:41,light rain
562,Caravelas,-17.7125,-39.2481,76.24,87,60,5.7,BR,2022-02-07 03:03:32,broken clouds
563,Kamiiso,41.8167,140.65,28.78,86,75,13.8,JP,2022-02-07 03:07:42,light snow
564,Butaritari,3.0707,172.7902,81.84,76,71,15.43,KI,2022-02-07 03:07:42,moderate rain
565,Poso,-1.3959,120.7524,85.42,63,97,4.61,ID,2022-02-07 03:07:43,overcast clouds
566,Muros,42.7762,-9.0603,50.23,92,28,8.77,ES,2022-02-07 03:07:43,scattered clouds
567,Ixtapa,20.7,-105.2,72.63,83,75,2.3,MX,2022-02-07 03:07:44,broken clouds
568,Ponta Do Sol,32.6667,-17.1,63.23,69,7,10.65,PT,2022-02-07 03:02:52,clear sky
569,Hasaki,35.7333,140.8333,48.29,34,6,7.05,JP,2022-02-07 03:07:44,clear sky
570,Alta Floresta,-9.8756,-56.0861,72.01,97,95,1.63,BR,2022-02-07 03:07:45,moderate rain
571,Avarua,-21.2078,-159.775,80.65,69,75,11.5,CK,2022-02-07 03:07:46,broken clouds
572,Luoyang,34.6836,112.4536,38.61,34,96,4.43,CN,2022-02-07 03:07:46,overcast clouds
573,Svetlaya,46.5389,138.3297,17.82,50,5,2.51,RU,2022-02-07 03:07:47,clear sky
574,Cozumel,20.5083,-86.9458,73.94,93,31,4.0,MX,2022-02-07 03:07:47,scattered clouds
